Wáng,王
Lǐ 李
Zhāng,张
Liú,刘
Chén,陈
Yáng,杨
Huáng,黄
Zhào,赵
Wú,吴
Zhōu,周
Xú,徐
Sūn,孙
Mǎ,马
Zhū,朱
Hú,胡
Guō,郭
Hé,何
Lín,林
Gāo,高
Luó,罗
Zhèng,郑
Liáng,梁
Xiè,谢
Sòng,宋
Táng,唐
Xǔ,许
Dèng,邓
Hán,韩
Féng,冯
Cáo,曹
Péng,彭
Zēng,曾
Xiāo,萧
Tián,田
Dǒng,董
Pān,潘
Yuán,袁
Cài,蔡
Jiǎng,蒋
Yú,余
Yú,于
Dù,杜
Yè,叶
Chéng,程
Wèi,魏
Sū,苏
Lǚ,吕
Dīng,丁
Rén,任
Lú,卢
Yáo,姚
Shěn,沈
Zhōng,钟
Jiāng,姜
Cuī,崔
Lù,陆
Wāng,汪
Fàn,范
Liào,廖
Shí,石
Jīn,金
Wéi,韦
Jiǎ,贾
Xià,夏
Fù,傅
Fāng,方
Zōu,邹
Xióng,熊
Mèng,孟
Qín,秦
Qiū,邱
Hoú,侯
Jiāng,江
Yǐn,尹
Xuē,薛
Yán,阎
Léi,雷
Lóng,龙
Lí,黎
Shǐ,史
Táo,陶
Hè,贺
Máo,毛
Duàn,段
Hǎo,郝
Gù,顾
Gōng,龚
Shào,邵
Tán,谭
Wǔ,武
Qián,钱
Dài,戴
Yán,严
Mò,莫
Kǒng,孔
Xiàng,向
Cháng,常
Tāng,汤