item,itemLabel
http://www.wikidata.org/entity/Q45749,An
http://www.wikidata.org/entity/Q55267,Ji
http://www.wikidata.org/entity/Q202664,Feng
http://www.wikidata.org/entity/Q249832,Ban
http://www.wikidata.org/entity/Q403153,Ài
http://www.wikidata.org/entity/Q450129,Su
http://www.wikidata.org/entity/Q512778,Min
http://www.wikidata.org/entity/Q592176,Sima
http://www.wikidata.org/entity/Q673233,Zhu
http://www.wikidata.org/entity/Q686223,Li
http://www.wikidata.org/entity/Q703401,Quan
http://www.wikidata.org/entity/Q705016,Shēn
http://www.wikidata.org/entity/Q709443,Ye
http://www.wikidata.org/entity/Q709486,Lu
http://www.wikidata.org/entity/Q709747,Du
http://www.wikidata.org/entity/Q710706,Cao
http://www.wikidata.org/entity/Q712260,Mei
http://www.wikidata.org/entity/Q713706,Gao
http://www.wikidata.org/entity/Q716212,Yuan
http://www.wikidata.org/entity/Q717555,Yin
http://www.wikidata.org/entity/Q717763,Luo
http://www.wikidata.org/entity/Q717767,Han
http://www.wikidata.org/entity/Q717770,Song
http://www.wikidata.org/entity/Q718600,Jin
http://www.wikidata.org/entity/Q804886,Zhao
http://www.wikidata.org/entity/Q804909,Zhang
http://www.wikidata.org/entity/Q804943,Wang
http://www.wikidata.org/entity/Q804970,Liu
http://www.wikidata.org/entity/Q804988,Chen
http://www.wikidata.org/entity/Q814607,Bei
http://www.wikidata.org/entity/Q832915,Tang
http://www.wikidata.org/entity/Q837421,Yan
http://www.wikidata.org/entity/Q839482,Xing
http://www.wikidata.org/entity/Q842157,Wei
http://www.wikidata.org/entity/Q842166,Peng
http://www.wikidata.org/entity/Q845069,Yang
http://www.wikidata.org/entity/Q845104,Huang
http://www.wikidata.org/entity/Q845135,Zhou
http://www.wikidata.org/entity/Q845163,Wu
http://www.wikidata.org/entity/Q845673,Shan
http://www.wikidata.org/entity/Q846855,Zhuo
http://www.wikidata.org/entity/Q855179,Bi
http://www.wikidata.org/entity/Q855302,Bian
http://www.wikidata.org/entity/Q856300,Meng
http://www.wikidata.org/entity/Q856307,Shi
http://www.wikidata.org/entity/Q865993,Bing
http://www.wikidata.org/entity/Q866970,Xin
http://www.wikidata.org/entity/Q869739,Pang
http://www.wikidata.org/entity/Q911493,Shen
http://www.wikidata.org/entity/Q985852,Fu
http://www.wikidata.org/entity/Q985855,Wan
http://www.wikidata.org/entity/Q985858,Yu
http://www.wikidata.org/entity/Q986819,Ke
http://www.wikidata.org/entity/Q987813,Ning
http://www.wikidata.org/entity/Q987817,Qiao
http://www.wikidata.org/entity/Q993469,Xu
http://www.wikidata.org/entity/Q1015565,Ou
http://www.wikidata.org/entity/Q1037764,Zhen
http://www.wikidata.org/entity/Q1043021,Mao
http://www.wikidata.org/entity/Q1043068,Shi
http://www.wikidata.org/entity/Q1043077,Kong
http://www.wikidata.org/entity/Q1043107,Xia
http://www.wikidata.org/entity/Q1078753,Dong
http://www.wikidata.org/entity/Q1130812,Wen
http://www.wikidata.org/entity/Q1132594,Hú
http://www.wikidata.org/entity/Q1134877,Lu
http://www.wikidata.org/entity/Q1207872,Cai
http://www.wikidata.org/entity/Q1322275,She
http://www.wikidata.org/entity/Q1410170,Ding
http://www.wikidata.org/entity/Q1594283,Zhuang
http://www.wikidata.org/entity/Q1680909,Shao
http://www.wikidata.org/entity/Q1813165,Xiahou
http://www.wikidata.org/entity/Q1846986,Yue
http://www.wikidata.org/entity/Q1924163,Ma
http://www.wikidata.org/entity/Q1929446,Dai
http://www.wikidata.org/entity/Q1929459,Lü
http://www.wikidata.org/entity/Q1929472,Liào
http://www.wikidata.org/entity/Q1930521,Guan
http://www.wikidata.org/entity/Q1930547,Nie
http://www.wikidata.org/entity/Q1931708,Ma
http://www.wikidata.org/entity/Q1946438,Yu
http://www.wikidata.org/entity/Q1948499,Jiang
http://www.wikidata.org/entity/Q2168308,Lei
http://www.wikidata.org/entity/Q2233698,Yao
http://www.wikidata.org/entity/Q2233706,Tang
http://www.wikidata.org/entity/Q2233716,Lí
http://www.wikidata.org/entity/Q2233776,Xiao
http://www.wikidata.org/entity/Q2240226,Chang
http://www.wikidata.org/entity/Q2264383,Yuan
http://www.wikidata.org/entity/Q2273846,Lai
http://www.wikidata.org/entity/Q2281015,Lu
http://www.wikidata.org/entity/Q2354177,Tan
http://www.wikidata.org/entity/Q2423270,Zhū
http://www.wikidata.org/entity/Q2424986,Zhong
http://www.wikidata.org/entity/Q2499021,Hua
http://www.wikidata.org/entity/Q2510063,Yue
http://www.wikidata.org/entity/Q2529940,Ou
http://www.wikidata.org/entity/Q2541846,Qian
http://www.wikidata.org/entity/Q2578531,Deng
http://www.wikidata.org/entity/Q2603704,Zeng
http://www.wikidata.org/entity/Q2652694,Wu
http://www.wikidata.org/entity/Q2662728,Bo
http://www.wikidata.org/entity/Q2686283,Guang
http://www.wikidata.org/entity/Q2772822,Long
http://www.wikidata.org/entity/Q2960259,Tan
http://www.wikidata.org/entity/Q3083948,He
http://www.wikidata.org/entity/Q3431389,Taishi
http://www.wikidata.org/entity/Q3447118,Li
http://www.wikidata.org/entity/Q3496666,Yi
http://www.wikidata.org/entity/Q3498693,Jiang
http://www.wikidata.org/entity/Q3543591,Sun
http://www.wikidata.org/entity/Q3570980,Xie
http://www.wikidata.org/entity/Q3594961,Fù
http://www.wikidata.org/entity/Q3594969,Kang
http://www.wikidata.org/entity/Q4067893,Ao
http://www.wikidata.org/entity/Q4077520,Bao
http://www.wikidata.org/entity/Q4097588,Bu
http://www.wikidata.org/entity/Q4130148,Weng
http://www.wikidata.org/entity/Q4133392,Gan
http://www.wikidata.org/entity/Q4140836,Guo
http://www.wikidata.org/entity/Q4147079,Q4147079
http://www.wikidata.org/entity/Q4151201,Gu
http://www.wikidata.org/entity/Q4151740,Gui
http://www.wikidata.org/entity/Q4153205,Ge
http://www.wikidata.org/entity/Q4153220,Geng
http://www.wikidata.org/entity/Q4153496,Da (笪)
http://www.wikidata.org/entity/Q4154462,Dang
http://www.wikidata.org/entity/Q4160975,Di
http://www.wikidata.org/entity/Q4178159,Rao
http://www.wikidata.org/entity/Q4181174,Rǔ
http://www.wikidata.org/entity/Q4181267,Rui
http://www.wikidata.org/entity/Q4181640,Rong
http://www.wikidata.org/entity/Q4195066,Q4195066
http://www.wikidata.org/entity/Q4200473,Yīng
http://www.wikidata.org/entity/Q4236407,Kou
http://www.wikidata.org/entity/Q4245573,Q4245573
http://www.wikidata.org/entity/Q4253694,Lang
http://www.wikidata.org/entity/Q4254107,Lán
http://www.wikidata.org/entity/Q4254112,Lao
http://www.wikidata.org/entity/Q4261869,Ling
http://www.wikidata.org/entity/Q4262003,Cóng
http://www.wikidata.org/entity/Q4262322,Linghu
http://www.wikidata.org/entity/Q4280887,Mǎn
http://www.wikidata.org/entity/Q4292648,Mi
http://www.wikidata.org/entity/Q4304988,Móu
http://www.wikidata.org/entity/Q4305661,Mù
http://www.wikidata.org/entity/Q4328006,Nông
http://www.wikidata.org/entity/Q4328445,Niu
http://www.wikidata.org/entity/Q4328699,Nián
http://www.wikidata.org/entity/Q4344508,Pan
http://www.wikidata.org/entity/Q4407384,Sang
http://www.wikidata.org/entity/Q4425708,Q4425708
http://www.wikidata.org/entity/Q4448523,Xiong
http://www.wikidata.org/entity/Q4448640,Xiang
http://www.wikidata.org/entity/Q4448649,Xián
http://www.wikidata.org/entity/Q4449799,Yí
http://www.wikidata.org/entity/Q4451390,Tao
http://www.wikidata.org/entity/Q4461480,Q4461480
http://www.wikidata.org/entity/Q4464775,Tu
http://www.wikidata.org/entity/Q4465449,Tōng
http://www.wikidata.org/entity/Q4480270,Fǎ
http://www.wikidata.org/entity/Q4493814,Fei
http://www.wikidata.org/entity/Q4500455,Hou
http://www.wikidata.org/entity/Q4501987,Huái
http://www.wikidata.org/entity/Q4502017,Huan
http://www.wikidata.org/entity/Q4502336,Hong
http://www.wikidata.org/entity/Q4505411,Zang
http://www.wikidata.org/entity/Q4505412,Zǎi
http://www.wikidata.org/entity/Q4505417,Ji
http://www.wikidata.org/entity/Q4505444,Zǔ
http://www.wikidata.org/entity/Q4505445,Zōng
http://www.wikidata.org/entity/Q4505446,Zou
http://www.wikidata.org/entity/Q4505459,Ju
http://www.wikidata.org/entity/Q4505479,Jiao
http://www.wikidata.org/entity/Q4505485,Qi
http://www.wikidata.org/entity/Q4506469,Qiú
http://www.wikidata.org/entity/Q4506487,Q4506487
http://www.wikidata.org/entity/Q4506494,Qiáng
http://www.wikidata.org/entity/Q4506500,Q4506500
http://www.wikidata.org/entity/Q4507125,Chao
http://www.wikidata.org/entity/Q4515483,Q4515483
http://www.wikidata.org/entity/Q4518438,Cui
http://www.wikidata.org/entity/Q4518490,Che
http://www.wikidata.org/entity/Q4519999,Shang
http://www.wikidata.org/entity/Q4523552,Shi
http://www.wikidata.org/entity/Q4527092,Shu
http://www.wikidata.org/entity/Q4527100,Shuai
http://www.wikidata.org/entity/Q4527378,Shui
http://www.wikidata.org/entity/Q4528220,Sheng
http://www.wikidata.org/entity/Q4529419,È
http://www.wikidata.org/entity/Q4534485,Yōng
http://www.wikidata.org/entity/Q4538396,Yan
http://www.wikidata.org/entity/Q4540160,Hua
http://www.wikidata.org/entity/Q4542452,Zha
http://www.wikidata.org/entity/Q4962661,Zhu
http://www.wikidata.org/entity/Q5115115,Chu
http://www.wikidata.org/entity/Q5409665,Yīn
http://www.wikidata.org/entity/Q6403536,Qu
http://www.wikidata.org/entity/Q6441089,Kuang
http://www.wikidata.org/entity/Q6583590,Zheng
http://www.wikidata.org/entity/Q6664314,Yan
http://www.wikidata.org/entity/Q6665048,Shao
http://www.wikidata.org/entity/Q6665383,Wei
http://www.wikidata.org/entity/Q6672468,Yang
http://www.wikidata.org/entity/Q6676288,Niu
http://www.wikidata.org/entity/Q6688816,Hao
http://www.wikidata.org/entity/Q6697602,Jia
http://www.wikidata.org/entity/Q6717058,Meng
http://www.wikidata.org/entity/Q6722351,Xun
http://www.wikidata.org/entity/Q6745196,Qú
http://www.wikidata.org/entity/Q6770954,Luan
http://www.wikidata.org/entity/Q6771457,Liáng
http://www.wikidata.org/entity/Q6789201,Xuan
http://www.wikidata.org/entity/Q6796873,Qi
http://www.wikidata.org/entity/Q6812691,Cen
http://www.wikidata.org/entity/Q6813700,Qu
http://www.wikidata.org/entity/Q6841074,He
http://www.wikidata.org/entity/Q6844079,Xiang
http://www.wikidata.org/entity/Q6847342,Gu
http://www.wikidata.org/entity/Q6849395,Wei
http://www.wikidata.org/entity/Q6854084,Ní
http://www.wikidata.org/entity/Q6859166,Shangguan
http://www.wikidata.org/entity/Q6962170,Nan
http://www.wikidata.org/entity/Q7219813,Dugu
http://www.wikidata.org/entity/Q7224842,Chai
http://www.wikidata.org/entity/Q7232433,Q7232433
http://www.wikidata.org/entity/Q7267997,Qian
http://www.wikidata.org/entity/Q7276690,Diao
http://www.wikidata.org/entity/Q7386141,Rén
http://www.wikidata.org/entity/Q7862312,Tôn Thất
http://www.wikidata.org/entity/Q7944838,Wu
http://www.wikidata.org/entity/Q8044450,Ximen
http://www.wikidata.org/entity/Q8045218,Xue
http://www.wikidata.org/entity/Q8060181,Yuchi
http://www.wikidata.org/entity/Q8061176,Yun
http://www.wikidata.org/entity/Q9385216,Q9385216
http://www.wikidata.org/entity/Q9386074,Dan
http://www.wikidata.org/entity/Q9391235,Q9391235
http://www.wikidata.org/entity/Q9394111,Q9394111
http://www.wikidata.org/entity/Q9441632,Dāo
http://www.wikidata.org/entity/Q9452775,Q9452775
http://www.wikidata.org/entity/Q9473423,Q9473423
http://www.wikidata.org/entity/Q9478556,Yǒng
http://www.wikidata.org/entity/Q9484403,Q9484403
http://www.wikidata.org/entity/Q9591322,Q9591322
http://www.wikidata.org/entity/Q9656852,Wen
http://www.wikidata.org/entity/Q9757446,Xu
http://www.wikidata.org/entity/Q9761188,Q9761188
http://www.wikidata.org/entity/Q9795791,Cheng
http://www.wikidata.org/entity/Q9837004,Q9837004
http://www.wikidata.org/entity/Q10105188,Zi
http://www.wikidata.org/entity/Q10266807,Zhan
http://www.wikidata.org/entity/Q10276902,Bù
http://www.wikidata.org/entity/Q10296241,Q10296241
http://www.wikidata.org/entity/Q10296680,Q10296680
http://www.wikidata.org/entity/Q10297027,Q10297027
http://www.wikidata.org/entity/Q10297090,Chéng
http://www.wikidata.org/entity/Q10298604,Jiào
http://www.wikidata.org/entity/Q10299065,Q10299065
http://www.wikidata.org/entity/Q10302595,Si
http://www.wikidata.org/entity/Q10314102,Q10314102
http://www.wikidata.org/entity/Q10358958,Q10358958
http://www.wikidata.org/entity/Q10395908,Yuán
http://www.wikidata.org/entity/Q10424617,Shēng
http://www.wikidata.org/entity/Q10426039,Yóu
http://www.wikidata.org/entity/Q10431619,Q10431619
http://www.wikidata.org/entity/Q10438761,Jiǎo (surname)
http://www.wikidata.org/entity/Q10449346,Zhǒng
http://www.wikidata.org/entity/Q10468056,Q10468056
http://www.wikidata.org/entity/Q10482024,Yì
http://www.wikidata.org/entity/Q10514685,Xíng
http://www.wikidata.org/entity/Q10539544,Hè
http://www.wikidata.org/entity/Q10540111,Jiang
http://www.wikidata.org/entity/Q10547948,Guo
http://www.wikidata.org/entity/Q10556547,Di
http://www.wikidata.org/entity/Q10563790,Q10563790
http://www.wikidata.org/entity/Q10565924,Q10565924
http://www.wikidata.org/entity/Q10757709,Yu
http://www.wikidata.org/entity/Q10769186,Huo
http://www.wikidata.org/entity/Q10798921,Yu
http://www.wikidata.org/entity/Q10826587,Wang
http://www.wikidata.org/entity/Q10864860,Q10864860
http://www.wikidata.org/entity/Q10869033,Shì
http://www.wikidata.org/entity/Q10869985,Dōng
http://www.wikidata.org/entity/Q10876908,Q10876908
http://www.wikidata.org/entity/Q10877982,Wu
http://www.wikidata.org/entity/Q10878630,Q10878630
http://www.wikidata.org/entity/Q10879730,Xi
http://www.wikidata.org/entity/Q10881433,Qi
http://www.wikidata.org/entity/Q10882447,Wumu
http://www.wikidata.org/entity/Q10882924,Q10882924
http://www.wikidata.org/entity/Q10883943,Q10883943
http://www.wikidata.org/entity/Q10884131,Fu
http://www.wikidata.org/entity/Q10884535,Q10884535
http://www.wikidata.org/entity/Q10884567,Zhong
http://www.wikidata.org/entity/Q10884951,Yi
http://www.wikidata.org/entity/Q10885270,Fu
http://www.wikidata.org/entity/Q10885640,Bó
http://www.wikidata.org/entity/Q10886862,Tong
http://www.wikidata.org/entity/Q10887051,Q10887051
http://www.wikidata.org/entity/Q10887793,Yu
http://www.wikidata.org/entity/Q10887968,Q10887968
http://www.wikidata.org/entity/Q10888427,Q10888427
http://www.wikidata.org/entity/Q10888463,Yǎn
http://www.wikidata.org/entity/Q10888546,Q10888546
http://www.wikidata.org/entity/Q10889240,Q10889240
http://www.wikidata.org/entity/Q10889266,Q10889266
http://www.wikidata.org/entity/Q10889493,Chu
http://www.wikidata.org/entity/Q10889521,Yǔn
http://www.wikidata.org/entity/Q10889879,Q10889879
http://www.wikidata.org/entity/Q10891077,Q10891077
http://www.wikidata.org/entity/Q10892082,Bā
http://www.wikidata.org/entity/Q10892619,Q10892619
http://www.wikidata.org/entity/Q10892672,Gōng
http://www.wikidata.org/entity/Q10892987,Q10892987
http://www.wikidata.org/entity/Q10892992,Q10892992
http://www.wikidata.org/entity/Q10893001,Gongxi
http://www.wikidata.org/entity/Q10894630,Yang
http://www.wikidata.org/entity/Q10894685,Ji
http://www.wikidata.org/entity/Q10894854,Ran
http://www.wikidata.org/entity/Q10894957,Mao (冒)
http://www.wikidata.org/entity/Q10895570,Leng
http://www.wikidata.org/entity/Q10895708,Q10895708
http://www.wikidata.org/entity/Q10896220,Fèng
http://www.wikidata.org/entity/Q10898261,Q10898261
http://www.wikidata.org/entity/Q10901565,Bao
http://www.wikidata.org/entity/Q10902753,Q10902753
http://www.wikidata.org/entity/Q10905086,Wǔ
http://www.wikidata.org/entity/Q10908506,Fang
http://www.wikidata.org/entity/Q10910319,Yìn
http://www.wikidata.org/entity/Q10910482,Wēi
http://www.wikidata.org/entity/Q10910874,Li
http://www.wikidata.org/entity/Q10910902,Q10910902
http://www.wikidata.org/entity/Q10916511,Si
http://www.wikidata.org/entity/Q10916514,Q10916514
http://www.wikidata.org/entity/Q10916575,Sikong
http://www.wikidata.org/entity/Q10917074,Ji
http://www.wikidata.org/entity/Q10917863,Q10917863
http://www.wikidata.org/entity/Q10921816,Q10921816
http://www.wikidata.org/entity/Q10923770,Q10923770
http://www.wikidata.org/entity/Q10924688,Sì
http://www.wikidata.org/entity/Q10930659,Q10930659
http://www.wikidata.org/entity/Q10931275,Mo
http://www.wikidata.org/entity/Q10931476,Q10931476
http://www.wikidata.org/entity/Q10931659,Shòu
http://www.wikidata.org/entity/Q10932238,Kuí
http://www.wikidata.org/entity/Q10941082,Q10941082
http://www.wikidata.org/entity/Q10942108,Q10942108
http://www.wikidata.org/entity/Q10942460,Xi
http://www.wikidata.org/entity/Q10942492,Q10942492
http://www.wikidata.org/entity/Q10943033,Q10943033
http://www.wikidata.org/entity/Q10943193,Sì
http://www.wikidata.org/entity/Q10943195,Xìng
http://www.wikidata.org/entity/Q10943614,Ji
http://www.wikidata.org/entity/Q10943695,Q10943695
http://www.wikidata.org/entity/Q10943807,Lou
http://www.wikidata.org/entity/Q10944188,Q10944188
http://www.wikidata.org/entity/Q10945273,Ji
http://www.wikidata.org/entity/Q10945883,Ning
http://www.wikidata.org/entity/Q10946183,Yuwen
http://www.wikidata.org/entity/Q10948047,Q10948047
http://www.wikidata.org/entity/Q10948219,Q10948219
http://www.wikidata.org/entity/Q10948335,Guān
http://www.wikidata.org/entity/Q10950337,Q10950337
http://www.wikidata.org/entity/Q10950741,Q10950741
http://www.wikidata.org/entity/Q10950838,Jiā
http://www.wikidata.org/entity/Q10951026,Rong
http://www.wikidata.org/entity/Q10957060,Fēng
http://www.wikidata.org/entity/Q10957459,Q10957459
http://www.wikidata.org/entity/Q11039337,Shang
http://www.wikidata.org/entity/Q11045088,Shān
http://www.wikidata.org/entity/Q11054368,Ji
http://www.wikidata.org/entity/Q11056346,Chao
http://www.wikidata.org/entity/Q11056861,Q11056861
http://www.wikidata.org/entity/Q11058213,Wu
http://www.wikidata.org/entity/Q11058813,Bā
http://www.wikidata.org/entity/Q11060185,Shi
http://www.wikidata.org/entity/Q11060201,Xi
http://www.wikidata.org/entity/Q11060574,Q11060574
http://www.wikidata.org/entity/Q11060838,Píng
http://www.wikidata.org/entity/Q11061463,Q11061463
http://www.wikidata.org/entity/Q11062982,Té
http://www.wikidata.org/entity/Q11064119,Yǔ
http://www.wikidata.org/entity/Q11064170,Lian
http://www.wikidata.org/entity/Q11066373,Hóng
http://www.wikidata.org/entity/Q11067530,Changchien
http://www.wikidata.org/entity/Q11068346,Chang Liao
http://www.wikidata.org/entity/Q11070215,Q11070215
http://www.wikidata.org/entity/Q11071128,Cóng
http://www.wikidata.org/entity/Q11071402,Q11071402
http://www.wikidata.org/entity/Q11073356,Hui
http://www.wikidata.org/entity/Q11074078,Shen
http://www.wikidata.org/entity/Q11074095,Mù
http://www.wikidata.org/entity/Q11074402,Ge
http://www.wikidata.org/entity/Q11074442,Rong
http://www.wikidata.org/entity/Q11074526,Cheng
http://www.wikidata.org/entity/Q11075460,Fang
http://www.wikidata.org/entity/Q11075712,Hù
http://www.wikidata.org/entity/Q11076278,Fú
http://www.wikidata.org/entity/Q11077738,Q11077738
http://www.wikidata.org/entity/Q11078106,Jiē
http://www.wikidata.org/entity/Q11085078,Yú
http://www.wikidata.org/entity/Q11087187,Shi
http://www.wikidata.org/entity/Q11087305,Áng
http://www.wikidata.org/entity/Q11087386,Q11087386
http://www.wikidata.org/entity/Q11087572,Chāng
http://www.wikidata.org/entity/Q11087786,Míng
http://www.wikidata.org/entity/Q11088381,Q11088381
http://www.wikidata.org/entity/Q11089033,Shi
http://www.wikidata.org/entity/Q11089270,Jin
http://www.wikidata.org/entity/Q11089431,Yàn
http://www.wikidata.org/entity/Q11090009,Jǐng
http://www.wikidata.org/entity/Q11090444,Ji
http://www.wikidata.org/entity/Q11090469,Bào
http://www.wikidata.org/entity/Q11091351,Màn
http://www.wikidata.org/entity/Q11092075,Yǒu
http://www.wikidata.org/entity/Q11099608,Q11099608
http://www.wikidata.org/entity/Q11102373,Q11102373
http://www.wikidata.org/entity/Q11104062,Q11104062
http://www.wikidata.org/entity/Q11104095,Q11104095
http://www.wikidata.org/entity/Q11108068,Bai
http://www.wikidata.org/entity/Q11113652,Liangqiu
http://www.wikidata.org/entity/Q11119791,Chǔ
http://www.wikidata.org/entity/Q11120808,Q11120808
http://www.wikidata.org/entity/Q11120911,Fan
http://www.wikidata.org/entity/Q11122877,Qīn
http://www.wikidata.org/entity/Q11123724,Bu
http://www.wikidata.org/entity/Q11125185,Guī
http://www.wikidata.org/entity/Q11125309,Q11125309
http://www.wikidata.org/entity/Q11125415,Duangan
http://www.wikidata.org/entity/Q11125869,Wú
http://www.wikidata.org/entity/Q11125889,Mu
http://www.wikidata.org/entity/Q11134579,Fàn
http://www.wikidata.org/entity/Q11137703,Wò
http://www.wikidata.org/entity/Q11139225,Mù
http://www.wikidata.org/entity/Q11139860,Sha
http://www.wikidata.org/entity/Q11143013,Q11143013
http://www.wikidata.org/entity/Q11151574,Tu
http://www.wikidata.org/entity/Q11153552,Chúnyú
http://www.wikidata.org/entity/Q11467527,Mo
http://www.wikidata.org/entity/Q11617015,Fu
http://www.wikidata.org/entity/Q11983876,Li
http://www.wikidata.org/entity/Q12010490,Wen
http://www.wikidata.org/entity/Q12010491,Wen
http://www.wikidata.org/entity/Q12594097,Lian
http://www.wikidata.org/entity/Q13220142,Pei
http://www.wikidata.org/entity/Q13220171,Jian
http://www.wikidata.org/entity/Q13233009,Bian
http://www.wikidata.org/entity/Q13367482,Yīn
http://www.wikidata.org/entity/Q13367832,Pi
http://www.wikidata.org/entity/Q13380050,Guan
http://www.wikidata.org/entity/Q13391111,Lu
http://www.wikidata.org/entity/Q13391149,Lu
http://www.wikidata.org/entity/Q13391233,Liang
http://www.wikidata.org/entity/Q13391474,Bāng
http://www.wikidata.org/entity/Q13391498,Liu
http://www.wikidata.org/entity/Q13391603,Du
http://www.wikidata.org/entity/Q13391671,Qin
http://www.wikidata.org/entity/Q13391761,Zhang
http://www.wikidata.org/entity/Q13391780,Q13391780
http://www.wikidata.org/entity/Q13391885,Qiū
http://www.wikidata.org/entity/Q13391907,Zhu
http://www.wikidata.org/entity/Q13392033,Qin
http://www.wikidata.org/entity/Q13392077,Yan
http://www.wikidata.org/entity/Q13548092,Fēng
http://www.wikidata.org/entity/Q13554167,Miao
http://www.wikidata.org/entity/Q13581151,Ji
http://www.wikidata.org/entity/Q13588410,Li
http://www.wikidata.org/entity/Q13970293,Q13970293
http://www.wikidata.org/entity/Q14475779,Xiao
http://www.wikidata.org/entity/Q14523543,Yang
http://www.wikidata.org/entity/Q14918682,Duanmu
http://www.wikidata.org/entity/Q15000880,Gài
http://www.wikidata.org/entity/Q15242576,Lin
http://www.wikidata.org/entity/Q15283218,Li
http://www.wikidata.org/entity/Q15436271,Tian
http://www.wikidata.org/entity/Q15635585,Qiu
http://www.wikidata.org/entity/Q15710352,Lu
http://www.wikidata.org/entity/Q15711050,Lu
http://www.wikidata.org/entity/Q15711104,Bai
http://www.wikidata.org/entity/Q15888381,Ǎi
http://www.wikidata.org/entity/Q15888474,Bǎi
http://www.wikidata.org/entity/Q15889103,Zhuó
http://www.wikidata.org/entity/Q15890397,Qing
http://www.wikidata.org/entity/Q15894290,Q15894290
http://www.wikidata.org/entity/Q15898280,Líng
http://www.wikidata.org/entity/Q15898289,Ji
http://www.wikidata.org/entity/Q15898952,Ā
http://www.wikidata.org/entity/Q15900742,Jing
http://www.wikidata.org/entity/Q15901457,Nà
http://www.wikidata.org/entity/Q15902064,Gou
http://www.wikidata.org/entity/Q15902092,Zhong
http://www.wikidata.org/entity/Q15906481,Héng
http://www.wikidata.org/entity/Q15907707,Mi
http://www.wikidata.org/entity/Q15908547,Fu
http://www.wikidata.org/entity/Q15909373,Zhai
http://www.wikidata.org/entity/Q15910836,Q15910836
http://www.wikidata.org/entity/Q15914492,You
http://www.wikidata.org/entity/Q15914802,Zhan
http://www.wikidata.org/entity/Q15918709,Q15918709
http://www.wikidata.org/entity/Q15920963,Gu
http://www.wikidata.org/entity/Q15921753,Xì
http://www.wikidata.org/entity/Q15922341,Qí
http://www.wikidata.org/entity/Q15924693,Máo
http://www.wikidata.org/entity/Q15925087,Mi
http://www.wikidata.org/entity/Q15926381,He
http://www.wikidata.org/entity/Q15927076,Ben
http://www.wikidata.org/entity/Q15929411,Toba
http://www.wikidata.org/entity/Q15929467,Lóu
http://www.wikidata.org/entity/Q15930259,Yuàn
http://www.wikidata.org/entity/Q15930682,Jin
http://www.wikidata.org/entity/Q15930763,Rú
http://www.wikidata.org/entity/Q15931469,Fan Chiang
http://www.wikidata.org/entity/Q15931922,Q15931922
http://www.wikidata.org/entity/Q15932174,Qu
http://www.wikidata.org/entity/Q15932602,Gòng
http://www.wikidata.org/entity/Q15935847,Xin (surname)
http://www.wikidata.org/entity/Q15936225,Q15936225
http://www.wikidata.org/entity/Q15937156,Qiú
http://www.wikidata.org/entity/Q15938161,Luo
http://www.wikidata.org/entity/Q15938246,Ji (surname 蓟)
http://www.wikidata.org/entity/Q15940241,Pu
http://www.wikidata.org/entity/Q15940604,Lin
http://www.wikidata.org/entity/Q15940885,Hóng
http://www.wikidata.org/entity/Q15941832,Puyang
http://www.wikidata.org/entity/Q15942501,Yan
http://www.wikidata.org/entity/Q15943197,Yan
http://www.wikidata.org/entity/Q15943536,Qin
http://www.wikidata.org/entity/Q15948862,Ji (surname 汲)
http://www.wikidata.org/entity/Q15948877,Ji (surname 籍)
http://www.wikidata.org/entity/Q15952419,Q15952419
http://www.wikidata.org/entity/Q15953973,Xiāng
http://www.wikidata.org/entity/Q15956136,Q15956136
http://www.wikidata.org/entity/Q16077802,Q16077802
http://www.wikidata.org/entity/Q16077810,Xuanyuan
http://www.wikidata.org/entity/Q16077829,Q16077829
http://www.wikidata.org/entity/Q16077832,Zhangsun
http://www.wikidata.org/entity/Q16077840,Q16077840
http://www.wikidata.org/entity/Q16077869,Gǒng
http://www.wikidata.org/entity/Q16077876,Q16077876
http://www.wikidata.org/entity/Q16077897,Pu
http://www.wikidata.org/entity/Q16077930,Qī
http://www.wikidata.org/entity/Q16078212,Q16078212
http://www.wikidata.org/entity/Q16078222,Q16078222
http://www.wikidata.org/entity/Q16078311,Fú
http://www.wikidata.org/entity/Q16078332,Feng (surname 酆)
http://www.wikidata.org/entity/Q16078353,Q16078353
http://www.wikidata.org/entity/Q16078369,Q16078369
http://www.wikidata.org/entity/Q16078401,Q16078401
http://www.wikidata.org/entity/Q16078436,Shentu
http://www.wikidata.org/entity/Q16078442,Baili
http://www.wikidata.org/entity/Q16078676,Tuǒ
http://www.wikidata.org/entity/Q16078750,Q16078750
http://www.wikidata.org/entity/Q16078810,Ài
http://www.wikidata.org/entity/Q16078816,Q16078816
http://www.wikidata.org/entity/Q16259832,Shi
http://www.wikidata.org/entity/Q16260131,Q16260131
http://www.wikidata.org/entity/Q16260134,Gào
http://www.wikidata.org/entity/Q16260135,Gong
http://www.wikidata.org/entity/Q16260220,Hua
http://www.wikidata.org/entity/Q16260259,Q16260259
http://www.wikidata.org/entity/Q16260342,Jing
http://www.wikidata.org/entity/Q16260344,Q16260344
http://www.wikidata.org/entity/Q16260389,Kong
http://www.wikidata.org/entity/Q16260390,Kǎo
http://www.wikidata.org/entity/Q16260391,Q16260391
http://www.wikidata.org/entity/Q16260459,Lóng
http://www.wikidata.org/entity/Q16260509,Mao
http://www.wikidata.org/entity/Q16260510,Miào
http://www.wikidata.org/entity/Q16260522,Q16260522
http://www.wikidata.org/entity/Q16260527,Néng
http://www.wikidata.org/entity/Q16260635,Ràng
http://www.wikidata.org/entity/Q16260772,Xū
http://www.wikidata.org/entity/Q16260773,Q16260773
http://www.wikidata.org/entity/Q16260775,Suí
http://www.wikidata.org/entity/Q16260822,Tái
http://www.wikidata.org/entity/Q16480498,Q16480498
http://www.wikidata.org/entity/Q16633972,He
http://www.wikidata.org/entity/Q16880449,Xī
http://www.wikidata.org/entity/Q16913323,Yu
http://www.wikidata.org/entity/Q16932005,Mai
http://www.wikidata.org/entity/Q16946907,Q16946907
http://www.wikidata.org/entity/Q17008106,Li
http://www.wikidata.org/entity/Q17009772,Xie
http://www.wikidata.org/entity/Q17009820,Xuě
http://www.wikidata.org/entity/Q17010720,Yu
http://www.wikidata.org/entity/Q17011143,Yì
http://www.wikidata.org/entity/Q17011187,Wèi
http://www.wikidata.org/entity/Q17011205,Yuè
http://www.wikidata.org/entity/Q17011238,Yan
http://www.wikidata.org/entity/Q17012366,Zhàn
http://www.wikidata.org/entity/Q17012388,Zhōng
http://www.wikidata.org/entity/Q17020231,Guàn
http://www.wikidata.org/entity/Q17023607,Shi
http://www.wikidata.org/entity/Q17027014,Ěr
http://www.wikidata.org/entity/Q17031790,Kan
http://www.wikidata.org/entity/Q17032005,Fàn
http://www.wikidata.org/entity/Q17035156,Q17035156
http://www.wikidata.org/entity/Q17036381,Hǔ
http://www.wikidata.org/entity/Q17039750,Mù
http://www.wikidata.org/entity/Q17040376,Zhu
http://www.wikidata.org/entity/Q17060631,Koo
http://www.wikidata.org/entity/Q17061383,Xī
http://www.wikidata.org/entity/Q17061634,Pang
http://www.wikidata.org/entity/Q17164538,Xu
http://www.wikidata.org/entity/Q17164543,Yu
http://www.wikidata.org/entity/Q17210156,Jú
http://www.wikidata.org/entity/Q17210163,Ju
http://www.wikidata.org/entity/Q17212806,Qiáng
http://www.wikidata.org/entity/Q17215214,Shēng
http://www.wikidata.org/entity/Q17216731,Jūn
http://www.wikidata.org/entity/Q17224032,Dà
http://www.wikidata.org/entity/Q17226900,Fū
http://www.wikidata.org/entity/Q17228757,Shè
http://www.wikidata.org/entity/Q17500788,Zhao
http://www.wikidata.org/entity/Q18118156,Tong
http://www.wikidata.org/entity/Q18460911,Zhēng
http://www.wikidata.org/entity/Q18652450,Q18652450
http://www.wikidata.org/entity/Q18653145,Gēng
http://www.wikidata.org/entity/Q18653375,Ēn
http://www.wikidata.org/entity/Q18653660,Zhì
http://www.wikidata.org/entity/Q18763273,Wu
http://www.wikidata.org/entity/Q19856105,Zhēn
http://www.wikidata.org/entity/Q20063730,Hàn
http://www.wikidata.org/entity/Q21040204,Tǔ
http://www.wikidata.org/entity/Q21040430,Mù
http://www.wikidata.org/entity/Q21482552,Téng
http://www.wikidata.org/entity/Q21498206,Zuo
http://www.wikidata.org/entity/Q21506755,Quezon
http://www.wikidata.org/entity/Q21855905,Ou
http://www.wikidata.org/entity/Q24083944,Qi
http://www.wikidata.org/entity/Q24834560,Qú
http://www.wikidata.org/entity/Q24868186,Qū
http://www.wikidata.org/entity/Q27116188,Shi
http://www.wikidata.org/entity/Q27342406,Sun-woo
http://www.wikidata.org/entity/Q28415462,Bà
http://www.wikidata.org/entity/Q28415539,Táo
http://www.wikidata.org/entity/Q28554112,Ji
http://www.wikidata.org/entity/Q28796022,Rì
http://www.wikidata.org/entity/Q30944102,Q30944102
http://www.wikidata.org/entity/Q42306770,Q42306770
http://www.wikidata.org/entity/Q43470669,Qiang
http://www.wikidata.org/entity/Q47087363,Quán
http://www.wikidata.org/entity/Q48881067,Xiāng
http://www.wikidata.org/entity/Q48895421,Q48895421
http://www.wikidata.org/entity/Q48895503,Yǐ
http://www.wikidata.org/entity/Q48928729,Q48928729
http://www.wikidata.org/entity/Q48936478,Tatara
http://www.wikidata.org/entity/Q50821738,Xu
http://www.wikidata.org/entity/Q51523967,Fan (surname)
http://www.wikidata.org/entity/Q51876735,Gōng
http://www.wikidata.org/entity/Q52939578,Q52939578
http://www.wikidata.org/entity/Q52943735,Q52943735
http://www.wikidata.org/entity/Q54594691,Yu 鱼
http://www.wikidata.org/entity/Q54922346,Chang
http://www.wikidata.org/entity/Q55697010,Yun
http://www.wikidata.org/entity/Q55715803,Q55715803
http://www.wikidata.org/entity/Q56025410,Q56025410
http://www.wikidata.org/entity/Q56260001,Fèng
http://www.wikidata.org/entity/Q56260005,Q56260005
http://www.wikidata.org/entity/Q56260018,Bīn
http://www.wikidata.org/entity/Q56260019,Bīn
http://www.wikidata.org/entity/Q56485438,Kuāng
http://www.wikidata.org/entity/Q56485484,Hā
http://www.wikidata.org/entity/Q63229968,Jian
http://www.wikidata.org/entity/Q63345601,Sa
http://www.wikidata.org/entity/Q65050568,Hei
http://www.wikidata.org/entity/Q65058119,Gāo
http://www.wikidata.org/entity/Q65925289,Q65925289
http://www.wikidata.org/entity/Q65925290,Gǎi
http://www.wikidata.org/entity/Q65925292,Q65925292
http://www.wikidata.org/entity/Q65925293,Q65925293
http://www.wikidata.org/entity/Q65925294,Q65925294
http://www.wikidata.org/entity/Q65925295,Q65925295
http://www.wikidata.org/entity/Q65925296,Q65925296
http://www.wikidata.org/entity/Q65925297,Q65925297
http://www.wikidata.org/entity/Q65925298,Q65925298
http://www.wikidata.org/entity/Q65925299,Lù
http://www.wikidata.org/entity/Q65925300,Dàn
http://www.wikidata.org/entity/Q65925301,Q65925301
http://www.wikidata.org/entity/Q65925302,Q65925302
http://www.wikidata.org/entity/Q65925303,Chéng
http://www.wikidata.org/entity/Q65925304,Q65925304
http://www.wikidata.org/entity/Q65925305,Zài
http://www.wikidata.org/entity/Q65925306,Wéi
http://www.wikidata.org/entity/Q65925307,Q65925307
http://www.wikidata.org/entity/Q65925308,Q65925308
http://www.wikidata.org/entity/Q65925309,Zhòng
http://www.wikidata.org/entity/Q65925310,Q65925310
http://www.wikidata.org/entity/Q65925311,Q65925311
http://www.wikidata.org/entity/Q65925312,Qiú
http://www.wikidata.org/entity/Q65925313,Q65925313
http://www.wikidata.org/entity/Q65925314,Hè
http://www.wikidata.org/entity/Q65925315,Q65925315
http://www.wikidata.org/entity/Q65925316,Yī
http://www.wikidata.org/entity/Q65925317,Q65925317
http://www.wikidata.org/entity/Q65925318,Zhǐ
http://www.wikidata.org/entity/Q65925319,Q65925319
http://www.wikidata.org/entity/Q65925320,Q65925320
http://www.wikidata.org/entity/Q65925321,Kāi
http://www.wikidata.org/entity/Q65925322,Q65925322
http://www.wikidata.org/entity/Q65925323,Yuàn
http://www.wikidata.org/entity/Q65925325,Q65925325
http://www.wikidata.org/entity/Q65925326,Q65925326
http://www.wikidata.org/entity/Q65925327,Q65925327
http://www.wikidata.org/entity/Q65925329,Wěi
http://www.wikidata.org/entity/Q65925331,Huī
http://www.wikidata.org/entity/Q65925332,Q65925332
http://www.wikidata.org/entity/Q65925333,Zhuāng
http://www.wikidata.org/entity/Q65925334,Jiā
http://www.wikidata.org/entity/Q65925335,Q65925335
http://www.wikidata.org/entity/Q65925336,Q65925336
http://www.wikidata.org/entity/Q65925337,Q65925337
http://www.wikidata.org/entity/Q65925339,Míng
http://www.wikidata.org/entity/Q65925340,Q65925340
http://www.wikidata.org/entity/Q65925341,Q65925341
http://www.wikidata.org/entity/Q65925342,Q65925342
http://www.wikidata.org/entity/Q65925343,Q65925343
http://www.wikidata.org/entity/Q65925344,Tíng
http://www.wikidata.org/entity/Q65925345,Q65925345
http://www.wikidata.org/entity/Q65925346,Q65925346
http://www.wikidata.org/entity/Q65925348,Q65925348
http://www.wikidata.org/entity/Q65925349,Péi
http://www.wikidata.org/entity/Q65925350,Chàng
http://www.wikidata.org/entity/Q65925351,Q65925351
http://www.wikidata.org/entity/Q65925352,Q65925352
http://www.wikidata.org/entity/Q65925353,Shū
http://www.wikidata.org/entity/Q65925354,Q65925354
http://www.wikidata.org/entity/Q65925355,Hào
http://www.wikidata.org/entity/Q65925356,Q65925356
http://www.wikidata.org/entity/Q65925357,Q65925357
http://www.wikidata.org/entity/Q65925358,Q65925358
http://www.wikidata.org/entity/Q65925359,Q65925359
http://www.wikidata.org/entity/Q65925360,Lún
http://www.wikidata.org/entity/Q65925361,Q65925361
http://www.wikidata.org/entity/Q65925362,Q65925362
http://www.wikidata.org/entity/Q65925363,Q65925363
http://www.wikidata.org/entity/Q65925364,Q65925364
http://www.wikidata.org/entity/Q65925365,Q65925365
http://www.wikidata.org/entity/Q65925366,Q65925366
http://www.wikidata.org/entity/Q65925368,Chún
http://www.wikidata.org/entity/Q65925369,Q65925369
http://www.wikidata.org/entity/Q65925370,Jìng
http://www.wikidata.org/entity/Q65925371,Q65925371
http://www.wikidata.org/entity/Q65925372,Jié
http://www.wikidata.org/entity/Q65925373,Q65925373
http://www.wikidata.org/entity/Q65925374,Yuan
http://www.wikidata.org/entity/Q65925375,Yǐ
http://www.wikidata.org/entity/Q65925376,Zhang
http://www.wikidata.org/entity/Q65925377,Líng
http://www.wikidata.org/entity/Q65925378,Mào
http://www.wikidata.org/entity/Q65925379,Q65925379
http://www.wikidata.org/entity/Q65925380,Q65925380
http://www.wikidata.org/entity/Q65925381,Wǎn
http://www.wikidata.org/entity/Q65925383,Q65925383
http://www.wikidata.org/entity/Q65925384,Q65925384
http://www.wikidata.org/entity/Q65925386,Q65925386
http://www.wikidata.org/entity/Q65925387,Q65925387
http://www.wikidata.org/entity/Q65925388,Pǔ
http://www.wikidata.org/entity/Q65925389,Q65925389
http://www.wikidata.org/entity/Q65925391,Q65925391
http://www.wikidata.org/entity/Q65925392,Q65925392
http://www.wikidata.org/entity/Q65925393,Tóng
http://www.wikidata.org/entity/Q65925394,Yì
http://www.wikidata.org/entity/Q65925395,Jì
http://www.wikidata.org/entity/Q65925396,Tí
http://www.wikidata.org/entity/Q65925398,Q65925398
http://www.wikidata.org/entity/Q65925399,Q65925399
http://www.wikidata.org/entity/Q65925400,Q65925400
http://www.wikidata.org/entity/Q65925401,Ju
http://www.wikidata.org/entity/Q65925402,Q65925402
http://www.wikidata.org/entity/Q65925403,Q65925403
http://www.wikidata.org/entity/Q65925404,Q65925404
http://www.wikidata.org/entity/Q65925405,Q65925405
http://www.wikidata.org/entity/Q65925406,Q65925406
http://www.wikidata.org/entity/Q65925407,Q65925407
http://www.wikidata.org/entity/Q65925408,Q65925408
http://www.wikidata.org/entity/Q65925409,Q65925409
http://www.wikidata.org/entity/Q65925410,Qǐ
http://www.wikidata.org/entity/Q65925411,Q65925411
http://www.wikidata.org/entity/Q65925412,Tài
http://www.wikidata.org/entity/Q65925413,Lín
http://www.wikidata.org/entity/Q65925414,Q65925414
http://www.wikidata.org/entity/Q65925415,Q65925415
http://www.wikidata.org/entity/Q65925416,Q65925416
http://www.wikidata.org/entity/Q65925417,Xī
http://www.wikidata.org/entity/Q65925418,Q65925418
http://www.wikidata.org/entity/Q65925419,Q65925419
http://www.wikidata.org/entity/Q65925420,Héng
http://www.wikidata.org/entity/Q65925421,Zhū
http://www.wikidata.org/entity/Q65925422,Xiào
http://www.wikidata.org/entity/Q65925423,Jié
http://www.wikidata.org/entity/Q65925424,Q65925424
http://www.wikidata.org/entity/Q65925425,Měi
http://www.wikidata.org/entity/Q65925426,Q65925426
http://www.wikidata.org/entity/Q65925427,Q65925427
http://www.wikidata.org/entity/Q65925428,Q65925428
http://www.wikidata.org/entity/Q65925429,Q65925429
http://www.wikidata.org/entity/Q65925430,Q65925430
http://www.wikidata.org/entity/Q65925433,Q65925433
http://www.wikidata.org/entity/Q65925434,Yǐn
http://www.wikidata.org/entity/Q65925435,Q65925435
http://www.wikidata.org/entity/Q65925436,Q65925436
http://www.wikidata.org/entity/Q65925437,Q65925437
http://www.wikidata.org/entity/Q65925438,Q65925438
http://www.wikidata.org/entity/Q65925439,Q65925439
http://www.wikidata.org/entity/Q65925440,Q65925440
http://www.wikidata.org/entity/Q65925441,Q65925441
http://www.wikidata.org/entity/Q65925442,Q65925442
http://www.wikidata.org/entity/Q65925443,Q65925443
http://www.wikidata.org/entity/Q65925444,Q65925444
http://www.wikidata.org/entity/Q65925445,Pō
http://www.wikidata.org/entity/Q65925447,Q65925447
http://www.wikidata.org/entity/Q65925448,Juàn
http://www.wikidata.org/entity/Q65925449,Q65925449
http://www.wikidata.org/entity/Q65925450,Q65925450
http://www.wikidata.org/entity/Q65925451,Q65925451
http://www.wikidata.org/entity/Q65925452,Q65925452
http://www.wikidata.org/entity/Q65925453,Q65925453
http://www.wikidata.org/entity/Q65925454,Huí
http://www.wikidata.org/entity/Q65925455,Líng
http://www.wikidata.org/entity/Q65925456,Q65925456
http://www.wikidata.org/entity/Q65925457,Dào
http://www.wikidata.org/entity/Q65925458,Q65925458
http://www.wikidata.org/entity/Q65925459,Dá
http://www.wikidata.org/entity/Q65925460,Zōu
http://www.wikidata.org/entity/Q65925461,Chuán
http://www.wikidata.org/entity/Q65925462,Q65925462
http://www.wikidata.org/entity/Q65925463,Guàn
http://www.wikidata.org/entity/Q65925464,Q65925464
http://www.wikidata.org/entity/Q65925465,Yīn
http://www.wikidata.org/entity/Q65925466,Xiān
http://www.wikidata.org/entity/Q65925467,Q65925467
http://www.wikidata.org/entity/Q65925468,Q65925468
http://www.wikidata.org/entity/Q65925469,Q65925469
http://www.wikidata.org/entity/Q65925470,Q65925470
http://www.wikidata.org/entity/Q65925471,Q65925471
http://www.wikidata.org/entity/Q65925472,Q65925472
http://www.wikidata.org/entity/Q65925473,Q65925473
http://www.wikidata.org/entity/Q65925474,Q65925474
http://www.wikidata.org/entity/Q65925475,Q65925475
http://www.wikidata.org/entity/Q65925477,Q65925477
http://www.wikidata.org/entity/Q65925478,Q65925478
http://www.wikidata.org/entity/Q65925479,Q65925479
http://www.wikidata.org/entity/Q65925480,Q65925480
http://www.wikidata.org/entity/Q65925481,Yīn
http://www.wikidata.org/entity/Q65925482,Q65925482
http://www.wikidata.org/entity/Q65925483,Q65925483
http://www.wikidata.org/entity/Q65925484,Q65925484
http://www.wikidata.org/entity/Q65925485,Q65925485
http://www.wikidata.org/entity/Q65925486,Q65925486
http://www.wikidata.org/entity/Q65925487,Q65925487
http://www.wikidata.org/entity/Q65925488,Q65925488
http://www.wikidata.org/entity/Q65925489,Q65925489
http://www.wikidata.org/entity/Q65925490,Q65925490
http://www.wikidata.org/entity/Q65925491,Q65925491
http://www.wikidata.org/entity/Q65925492,Yāo
http://www.wikidata.org/entity/Q65925493,Q65925493
http://www.wikidata.org/entity/Q65925495,Róu
http://www.wikidata.org/entity/Q65925496,Q65925496
http://www.wikidata.org/entity/Q65925497,Liáo
http://www.wikidata.org/entity/Q65925498,Q65925498
http://www.wikidata.org/entity/Q65925499,Huì
http://www.wikidata.org/entity/Q65925500,Q65925500
http://www.wikidata.org/entity/Q65925501,Dì
http://www.wikidata.org/entity/Q65925502,Q65925502
http://www.wikidata.org/entity/Q65925503,Wù
http://www.wikidata.org/entity/Q65925504,Zhé
http://www.wikidata.org/entity/Q65925505,Q65925505
http://www.wikidata.org/entity/Q65925506,Q65925506
http://www.wikidata.org/entity/Q65925507,Q65925507
http://www.wikidata.org/entity/Q65925508,Cháng
http://www.wikidata.org/entity/Q65925509,Q65925509
http://www.wikidata.org/entity/Q65925510,Yōng
http://www.wikidata.org/entity/Q65925511,Q65925511
http://www.wikidata.org/entity/Q65925512,Q65925512
http://www.wikidata.org/entity/Q65925513,Q65925513
http://www.wikidata.org/entity/Q65925514,Q65925514
http://www.wikidata.org/entity/Q65925515,Jūn
http://www.wikidata.org/entity/Q65925516,Q65925516
http://www.wikidata.org/entity/Q65925517,Q65925517
http://www.wikidata.org/entity/Q65925518,Ruò
http://www.wikidata.org/entity/Q65925519,Q65925519
http://www.wikidata.org/entity/Q65925520,Q65925520
http://www.wikidata.org/entity/Q65925521,Q65925521
http://www.wikidata.org/entity/Q65925522,Lǐ
http://www.wikidata.org/entity/Q65925523,Q65925523
http://www.wikidata.org/entity/Q65925524,Q65925524
http://www.wikidata.org/entity/Q65925525,Q65925525
http://www.wikidata.org/entity/Q65925526,Q65925526
http://www.wikidata.org/entity/Q65925527,Q65925527
http://www.wikidata.org/entity/Q65925528,Q65925528
http://www.wikidata.org/entity/Q65925529,Q65925529
http://www.wikidata.org/entity/Q65925531,Q65925531
http://www.wikidata.org/entity/Q65925533,Q65925533
http://www.wikidata.org/entity/Q65925534,Jù
http://www.wikidata.org/entity/Q65925535,Q65925535
http://www.wikidata.org/entity/Q65925536,Q65925536
http://www.wikidata.org/entity/Q65925537,Zài
http://www.wikidata.org/entity/Q65925538,Q65925538
http://www.wikidata.org/entity/Q65925539,Q65925539
http://www.wikidata.org/entity/Q65925540,Q65925540
http://www.wikidata.org/entity/Q65925541,Q65925541
http://www.wikidata.org/entity/Q65925542,Q65925542
http://www.wikidata.org/entity/Q65925543,Q65925543
http://www.wikidata.org/entity/Q65925544,Q65925544
http://www.wikidata.org/entity/Q65925545,Q65925545
http://www.wikidata.org/entity/Q65925546,Q65925546
http://www.wikidata.org/entity/Q65925547,Rèn
http://www.wikidata.org/entity/Q65925548,Zhōng
http://www.wikidata.org/entity/Q65925549,Q65925549
http://www.wikidata.org/entity/Q65925550,Q65925550
http://www.wikidata.org/entity/Q65925551,Xuān
http://www.wikidata.org/entity/Q65925552,Q65925552
http://www.wikidata.org/entity/Q65925553,Q65925553
http://www.wikidata.org/entity/Q65925554,Q65925554
http://www.wikidata.org/entity/Q65925555,Q65925555
http://www.wikidata.org/entity/Q65925556,Q65925556
http://www.wikidata.org/entity/Q65925557,Q65925557
http://www.wikidata.org/entity/Q65925558,Q65925558
http://www.wikidata.org/entity/Q65925559,Biǎo
http://www.wikidata.org/entity/Q65925560,Q65925560
http://www.wikidata.org/entity/Q65925561,Q65925561
http://www.wikidata.org/entity/Q65925562,Lang
http://www.wikidata.org/entity/Q65925563,Yōu
http://www.wikidata.org/entity/Q65925565,Q65925565
http://www.wikidata.org/entity/Q65925566,Q65925566
http://www.wikidata.org/entity/Q65925567,Q65925567
http://www.wikidata.org/entity/Q65925568,Q65925568
http://www.wikidata.org/entity/Q65925569,Q65925569
http://www.wikidata.org/entity/Q65925570,Q65925570
http://www.wikidata.org/entity/Q65925571,Q65925571
http://www.wikidata.org/entity/Q65925572,Q65925572
http://www.wikidata.org/entity/Q65925573,Q65925573
http://www.wikidata.org/entity/Q65925574,Q65925574
http://www.wikidata.org/entity/Q65925575,Q65925575
http://www.wikidata.org/entity/Q65925576,Q65925576
http://www.wikidata.org/entity/Q65925577,Q65925577
http://www.wikidata.org/entity/Q65925578,Q65925578
http://www.wikidata.org/entity/Q65925579,Q65925579
http://www.wikidata.org/entity/Q65925581,Huang
http://www.wikidata.org/entity/Q65925582,Q65925582
http://www.wikidata.org/entity/Q65925583,Q65925583
http://www.wikidata.org/entity/Q65925584,Xiǎo
http://www.wikidata.org/entity/Q65925585,Q65925585
http://www.wikidata.org/entity/Q65925587,Q65925587
http://www.wikidata.org/entity/Q65925588,Q65925588
http://www.wikidata.org/entity/Q65925589,Q65925589
http://www.wikidata.org/entity/Q65925590,Yà
http://www.wikidata.org/entity/Q65925591,Q65925591
http://www.wikidata.org/entity/Q65925592,Q65925592
http://www.wikidata.org/entity/Q65925593,Q65925593
http://www.wikidata.org/entity/Q65925594,Bì
http://www.wikidata.org/entity/Q65925595,Q65925595
http://www.wikidata.org/entity/Q65925596,Q65925596
http://www.wikidata.org/entity/Q65925597,Sù
http://www.wikidata.org/entity/Q65925598,Q65925598
http://www.wikidata.org/entity/Q65925599,Qià
http://www.wikidata.org/entity/Q65925600,Q65925600
http://www.wikidata.org/entity/Q65925601,Yǔ
http://www.wikidata.org/entity/Q65925602,Q65925602
http://www.wikidata.org/entity/Q65925603,Hòu
http://www.wikidata.org/entity/Q65925604,Q65925604
http://www.wikidata.org/entity/Q65925605,Yǔ
http://www.wikidata.org/entity/Q65925606,Q65925606
http://www.wikidata.org/entity/Q65925607,Q65925607
http://www.wikidata.org/entity/Q65925608,Q65925608
http://www.wikidata.org/entity/Q65925609,Zī
http://www.wikidata.org/entity/Q65925610,Q65925610
http://www.wikidata.org/entity/Q65925611,Q65925611
http://www.wikidata.org/entity/Q65925612,Q65925612
http://www.wikidata.org/entity/Q65925613,Q65925613
http://www.wikidata.org/entity/Q65925614,Yí
http://www.wikidata.org/entity/Q65925615,Bǎo
http://www.wikidata.org/entity/Q65925616,Q65925616
http://www.wikidata.org/entity/Q65925617,Q65925617
http://www.wikidata.org/entity/Q65925618,Jiàn
http://www.wikidata.org/entity/Q65925619,Q65925619
http://www.wikidata.org/entity/Q65925620,Qián
http://www.wikidata.org/entity/Q65925621,Q65925621
http://www.wikidata.org/entity/Q65925622,Q65925622
http://www.wikidata.org/entity/Q65925623,Q65925623
http://www.wikidata.org/entity/Q65925624,Q65925624
http://www.wikidata.org/entity/Q65925625,Zhēn
http://www.wikidata.org/entity/Q65925626,Q65925626
http://www.wikidata.org/entity/Q65925627,Q65925627
http://www.wikidata.org/entity/Q65925628,Cháo
http://www.wikidata.org/entity/Q65925629,Cái
http://www.wikidata.org/entity/Q65925630,Q65925630
http://www.wikidata.org/entity/Q65925631,Bó
http://www.wikidata.org/entity/Q65925632,Q65925632
http://www.wikidata.org/entity/Q65925633,Q65925633
http://www.wikidata.org/entity/Q65925634,Q65925634
http://www.wikidata.org/entity/Q65925635,Q65925635
http://www.wikidata.org/entity/Q65925636,Q65925636
http://www.wikidata.org/entity/Q65925637,Q65925637
http://www.wikidata.org/entity/Q65925638,Q65925638
http://www.wikidata.org/entity/Q65925640,Q65925640
http://www.wikidata.org/entity/Q65925641,Huán
http://www.wikidata.org/entity/Q65925642,Q65925642
http://www.wikidata.org/entity/Q65925643,Q65925643
http://www.wikidata.org/entity/Q65925644,Lún
http://www.wikidata.org/entity/Q65925645,Q65925645
http://www.wikidata.org/entity/Q65925646,Q65925646
http://www.wikidata.org/entity/Q65925647,Jī
http://www.wikidata.org/entity/Q65925648,Pǔ
http://www.wikidata.org/entity/Q65925649,Q65925649
http://www.wikidata.org/entity/Q65925650,Q65925650
http://www.wikidata.org/entity/Q65925651,Q65925651
http://www.wikidata.org/entity/Q65925652,Q65925652
http://www.wikidata.org/entity/Q65925653,Qīng
http://www.wikidata.org/entity/Q65925654,Q65925654
http://www.wikidata.org/entity/Q65925655,Yì
http://www.wikidata.org/entity/Q65925656,Q65925656
http://www.wikidata.org/entity/Q65925657,Yào
http://www.wikidata.org/entity/Q65925658,Q65925658
http://www.wikidata.org/entity/Q65925659,Q65925659
http://www.wikidata.org/entity/Q65925660,Q65925660
http://www.wikidata.org/entity/Q65925661,Q65925661
http://www.wikidata.org/entity/Q65925662,Q65925662
http://www.wikidata.org/entity/Q65925663,Rú
http://www.wikidata.org/entity/Q65925664,Jí
http://www.wikidata.org/entity/Q65925665,Q65925665
http://www.wikidata.org/entity/Q65925666,Q65925666
http://www.wikidata.org/entity/Q65925667,Yáng
http://www.wikidata.org/entity/Q65925668,É
http://www.wikidata.org/entity/Q65925669,Q65925669
http://www.wikidata.org/entity/Q65925670,Q65925670
http://www.wikidata.org/entity/Q65925672,Q65925672
http://www.wikidata.org/entity/Q65925673,Q65925673
http://www.wikidata.org/entity/Q65925674,Q65925674
http://www.wikidata.org/entity/Q65925675,Jí
http://www.wikidata.org/entity/Q65925676,Q65925676
http://www.wikidata.org/entity/Q65925677,Yù
http://www.wikidata.org/entity/Q65925678,Q65925678
http://www.wikidata.org/entity/Q65925679,Wéi
http://www.wikidata.org/entity/Q65925681,Q65925681
http://www.wikidata.org/entity/Q65925682,Hé
http://www.wikidata.org/entity/Q65925683,Cún
http://www.wikidata.org/entity/Q65925684,Miǎn
http://www.wikidata.org/entity/Q65925685,Q65925685
http://www.wikidata.org/entity/Q65925686,Q65925686
http://www.wikidata.org/entity/Q65925687,Qí
http://www.wikidata.org/entity/Q65925688,Q65925688
http://www.wikidata.org/entity/Q65925689,Q65925689
http://www.wikidata.org/entity/Q65925690,Q65925690
http://www.wikidata.org/entity/Q65925691,Q65925691
http://www.wikidata.org/entity/Q65925692,Q65925692
http://www.wikidata.org/entity/Q65925693,Si
http://www.wikidata.org/entity/Q65925694,Gè
http://www.wikidata.org/entity/Q65925695,Zhú
http://www.wikidata.org/entity/Q65925696,Q65925696
http://www.wikidata.org/entity/Q65925697,Q65925697
http://www.wikidata.org/entity/Q65925698,Bǐng
http://www.wikidata.org/entity/Q65925699,Q65925699
http://www.wikidata.org/entity/Q65925700,Jiāo
http://www.wikidata.org/entity/Q65925701,Q65925701
http://www.wikidata.org/entity/Q65925702,Zhou
http://www.wikidata.org/entity/Q65925703,Q65925703
http://www.wikidata.org/entity/Q65925704,Q65925704
http://www.wikidata.org/entity/Q65925705,Q65925705
http://www.wikidata.org/entity/Q65925706,Q65925706
http://www.wikidata.org/entity/Q65925707,Q65925707
http://www.wikidata.org/entity/Q65925708,Q65925708
http://www.wikidata.org/entity/Q65925709,Q65925709
http://www.wikidata.org/entity/Q65925710,Q65925710
http://www.wikidata.org/entity/Q65925711,Q65925711
http://www.wikidata.org/entity/Q65925712,Q65925712
http://www.wikidata.org/entity/Q65925713,Q65925713
http://www.wikidata.org/entity/Q65925714,Kě
http://www.wikidata.org/entity/Q65925715,Q65925715
http://www.wikidata.org/entity/Q65925716,Q65925716
http://www.wikidata.org/entity/Q65925717,Li
http://www.wikidata.org/entity/Q65925718,Shēng
http://www.wikidata.org/entity/Q65925719,Q65925719
http://www.wikidata.org/entity/Q65925720,Chāo
http://www.wikidata.org/entity/Q65925721,Q65925721
http://www.wikidata.org/entity/Q65925722,Dài
http://www.wikidata.org/entity/Q65925723,Q65925723
http://www.wikidata.org/entity/Q65925724,Q65925724
http://www.wikidata.org/entity/Q65925725,Q65925725
http://www.wikidata.org/entity/Q65925726,Q65925726
http://www.wikidata.org/entity/Q65925727,Q65925727
http://www.wikidata.org/entity/Q65925728,Q65925728
http://www.wikidata.org/entity/Q65925729,Q65925729
http://www.wikidata.org/entity/Q65925730,Q65925730
http://www.wikidata.org/entity/Q65925731,Q65925731
http://www.wikidata.org/entity/Q65925733,Suí
http://www.wikidata.org/entity/Q65925734,Q65925734
http://www.wikidata.org/entity/Q65925736,Q65925736
http://www.wikidata.org/entity/Q65925737,Xīng
http://www.wikidata.org/entity/Q65925738,Q65925738
http://www.wikidata.org/entity/Q65925739,Q65925739
http://www.wikidata.org/entity/Q65925740,Q65925740
http://www.wikidata.org/entity/Q65925741,Q65925741
http://www.wikidata.org/entity/Q65925742,Q65925742
http://www.wikidata.org/entity/Q65925743,Wéi
http://www.wikidata.org/entity/Q65925744,Gǔ
http://www.wikidata.org/entity/Q65925745,Q65925745
http://www.wikidata.org/entity/Q65925746,Q65925746
http://www.wikidata.org/entity/Q65925747,Q65925747
http://www.wikidata.org/entity/Q65925748,Q65925748
http://www.wikidata.org/entity/Q65925749,Q65925749
http://www.wikidata.org/entity/Q65925750,Mi
http://www.wikidata.org/entity/Q65925751,Q65925751
http://www.wikidata.org/entity/Q65925752,Kè
http://www.wikidata.org/entity/Q65925753,Q65925753
http://www.wikidata.org/entity/Q65925754,Q65925754
http://www.wikidata.org/entity/Q65925755,Q65925755
http://www.wikidata.org/entity/Q65925756,Q65925756
http://www.wikidata.org/entity/Q65925757,Q65925757
http://www.wikidata.org/entity/Q65925758,Q65925758
http://www.wikidata.org/entity/Q65925760,Q65925760
http://www.wikidata.org/entity/Q65925761,Q65925761
http://www.wikidata.org/entity/Q65925762,Mén
http://www.wikidata.org/entity/Q65925763,Q65925763
http://www.wikidata.org/entity/Q65925764,Q65925764
http://www.wikidata.org/entity/Q65925765,Bǐng
http://www.wikidata.org/entity/Q65925766,Q65925766
http://www.wikidata.org/entity/Q65925767,Q65925767
http://www.wikidata.org/entity/Q65925769,Q65925769
http://www.wikidata.org/entity/Q65925770,Guì
http://www.wikidata.org/entity/Q65925771,Q65925771
http://www.wikidata.org/entity/Q65925772,Shào
http://www.wikidata.org/entity/Q65925773,Q65925773
http://www.wikidata.org/entity/Q65925774,Q65925774
http://www.wikidata.org/entity/Q65925775,Shun
http://www.wikidata.org/entity/Q65925776,Q65925776
http://www.wikidata.org/entity/Q65925777,Q65925777
http://www.wikidata.org/entity/Q65925778,Q65925778
http://www.wikidata.org/entity/Q65925779,Qiě
http://www.wikidata.org/entity/Q65925780,Q65925780
http://www.wikidata.org/entity/Q65925781,Q65925781
http://www.wikidata.org/entity/Q65925782,Fū
http://www.wikidata.org/entity/Q65925783,Yīng
http://www.wikidata.org/entity/Q65925784,Chén
http://www.wikidata.org/entity/Q65925785,Q65925785
http://www.wikidata.org/entity/Q65925786,Zǐ
http://www.wikidata.org/entity/Q65925787,Q65925787
http://www.wikidata.org/entity/Q65925788,Q65925788
http://www.wikidata.org/entity/Q65925789,Q65925789
http://www.wikidata.org/entity/Q65925790,Q65925790
http://www.wikidata.org/entity/Q65925791,Q65925791
http://www.wikidata.org/entity/Q65925792,Q65925792
http://www.wikidata.org/entity/Q65925793,Q65925793
http://www.wikidata.org/entity/Q65925794,Q65925794
http://www.wikidata.org/entity/Q65925795,Tuō
http://www.wikidata.org/entity/Q65925796,Ěr
http://www.wikidata.org/entity/Q65925797,Q65925797
http://www.wikidata.org/entity/Q65925798,Wàng
http://www.wikidata.org/entity/Q65925799,Q65925799
http://www.wikidata.org/entity/Q65925800,Q65925800
http://www.wikidata.org/entity/Q65925801,Q65925801
http://www.wikidata.org/entity/Q65925802,Mù
http://www.wikidata.org/entity/Q65925803,Chén
http://www.wikidata.org/entity/Q65925804,Q65925804
http://www.wikidata.org/entity/Q65925805,Q65925805
http://www.wikidata.org/entity/Q65925806,Q65925806
http://www.wikidata.org/entity/Q65925807,Q65925807
http://www.wikidata.org/entity/Q65925808,Yǒu
http://www.wikidata.org/entity/Q65925809,Q65925809
http://www.wikidata.org/entity/Q65925810,Q65925810
http://www.wikidata.org/entity/Q65925811,Q65925811
http://www.wikidata.org/entity/Q65925812,Liǎo
http://www.wikidata.org/entity/Q65925813,Q65925813
http://www.wikidata.org/entity/Q65925814,Xǐ
http://www.wikidata.org/entity/Q65925815,Guàn
http://www.wikidata.org/entity/Q65925816,Shì
http://www.wikidata.org/entity/Q65925817,Shén
http://www.wikidata.org/entity/Q65925818,Q65925818
http://www.wikidata.org/entity/Q65925819,Chéng
http://www.wikidata.org/entity/Q65925820,Q65925820
http://www.wikidata.org/entity/Q65925821,Q65925821
http://www.wikidata.org/entity/Q65925822,Q65925822
http://www.wikidata.org/entity/Q65925823,Q65925823
http://www.wikidata.org/entity/Q65925824,Q65925824
http://www.wikidata.org/entity/Q65925825,Q65925825
http://www.wikidata.org/entity/Q65925826,Q65925826
http://www.wikidata.org/entity/Q65925828,Q65925828
http://www.wikidata.org/entity/Q65925829,É
http://www.wikidata.org/entity/Q65925830,Gé
http://www.wikidata.org/entity/Q65925831,Q65925831
http://www.wikidata.org/entity/Q65925832,Lái
http://www.wikidata.org/entity/Q65925833,Q65925833
http://www.wikidata.org/entity/Q65925834,Q65925834
http://www.wikidata.org/entity/Q65925835,Q65925835
http://www.wikidata.org/entity/Q65925836,Zhōng
http://www.wikidata.org/entity/Q65925837,Q65925837
http://www.wikidata.org/entity/Q65925838,Q65925838
http://www.wikidata.org/entity/Q65925839,Qīng
http://www.wikidata.org/entity/Q65925840,Q65925840
http://www.wikidata.org/entity/Q65925841,Q65925841
http://www.wikidata.org/entity/Q65925842,Q65925842
http://www.wikidata.org/entity/Q65925843,Q65925843
http://www.wikidata.org/entity/Q65925844,Q65925844
http://www.wikidata.org/entity/Q65925845,Zhèng
http://www.wikidata.org/entity/Q65925846,Zhēng
http://www.wikidata.org/entity/Q65925847,Q65925847
http://www.wikidata.org/entity/Q65925848,Q65925848
http://www.wikidata.org/entity/Q65925849,Shì
http://www.wikidata.org/entity/Q65925850,Chǔ
http://www.wikidata.org/entity/Q65925851,Q65925851
http://www.wikidata.org/entity/Q65925852,Shì
http://www.wikidata.org/entity/Q65925853,Bao
http://www.wikidata.org/entity/Q65925854,Q65925854
http://www.wikidata.org/entity/Q65925855,Q65925855
http://www.wikidata.org/entity/Q65925856,Q65925856
http://www.wikidata.org/entity/Q65925857,Zhāng
http://www.wikidata.org/entity/Q65925858,Q65925858
http://www.wikidata.org/entity/Q65925859,Q65925859
http://www.wikidata.org/entity/Q65925860,Q65925860
http://www.wikidata.org/entity/Q65925861,Q65925861
http://www.wikidata.org/entity/Q65925862,Q65925862
http://www.wikidata.org/entity/Q65925863,Q65925863
http://www.wikidata.org/entity/Q65925864,Q65925864
http://www.wikidata.org/entity/Q65925865,Shàn
http://www.wikidata.org/entity/Q65925866,Q65925866
http://www.wikidata.org/entity/Q65925867,Q65925867
http://www.wikidata.org/entity/Q65925868,Chūn
http://www.wikidata.org/entity/Q65925869,Q65925869
http://www.wikidata.org/entity/Q65925870,Q65925870
http://www.wikidata.org/entity/Q65925871,Q65925871
http://www.wikidata.org/entity/Q65925872,Q65925872
http://www.wikidata.org/entity/Q65925873,Q65925873
http://www.wikidata.org/entity/Q65925874,Q65925874
http://www.wikidata.org/entity/Q65925875,Q65925875
http://www.wikidata.org/entity/Q65925876,Q65925876
http://www.wikidata.org/entity/Q65925877,Wàng
http://www.wikidata.org/entity/Q65925878,Hóng
http://www.wikidata.org/entity/Q65925879,Q65925879
http://www.wikidata.org/entity/Q65925881,Q65925881
http://www.wikidata.org/entity/Q65925882,Yuè
http://www.wikidata.org/entity/Q65925883,Q65925883
http://www.wikidata.org/entity/Q65925884,Q65925884
http://www.wikidata.org/entity/Q65925887,Q65925887
http://www.wikidata.org/entity/Q65925888,Q65925888
http://www.wikidata.org/entity/Q65925889,Q65925889
http://www.wikidata.org/entity/Q65925890,Q65925890
http://www.wikidata.org/entity/Q65925891,Huàn
http://www.wikidata.org/entity/Q65925892,Zhuàng
http://www.wikidata.org/entity/Q65925893,Q65925893
http://www.wikidata.org/entity/Q65925894,Cí
http://www.wikidata.org/entity/Q65925895,Q65925895
http://www.wikidata.org/entity/Q65925896,Q65925896
http://www.wikidata.org/entity/Q65925897,Zǎo
http://www.wikidata.org/entity/Q65925898,Q65925898
http://www.wikidata.org/entity/Q65925899,Q65925899
http://www.wikidata.org/entity/Q65925900,Yuè
http://www.wikidata.org/entity/Q65925901,Q65925901
http://www.wikidata.org/entity/Q65925902,Q65925902
http://www.wikidata.org/entity/Q65925903,Q65925903
http://www.wikidata.org/entity/Q65925904,Q65925904
http://www.wikidata.org/entity/Q65925905,Tan
http://www.wikidata.org/entity/Q65925906,Q65925906
http://www.wikidata.org/entity/Q65925907,Shàn
http://www.wikidata.org/entity/Q65925908,Q65925908
http://www.wikidata.org/entity/Q65925909,Xiù
http://www.wikidata.org/entity/Q65925910,Q65925910
http://www.wikidata.org/entity/Q65925911,Q65925911
http://www.wikidata.org/entity/Q65925912,Fǔ
http://www.wikidata.org/entity/Q65925913,Q65925913
http://www.wikidata.org/entity/Q65925914,Lì
http://www.wikidata.org/entity/Q65925916,Dìng
http://www.wikidata.org/entity/Q65925917,Yàn
http://www.wikidata.org/entity/Q65925918,Q65925918
http://www.wikidata.org/entity/Q65925919,Q65925919
http://www.wikidata.org/entity/Q65925920,Féng
http://www.wikidata.org/entity/Q65925921,Zhōu
http://www.wikidata.org/entity/Q65925922,Q65925922
http://www.wikidata.org/entity/Q65925923,Q65925923
http://www.wikidata.org/entity/Q65925924,Q65925924
http://www.wikidata.org/entity/Q65925925,Q65925925
http://www.wikidata.org/entity/Q65925926,Q65925926
http://www.wikidata.org/entity/Q65925927,Gēng
http://www.wikidata.org/entity/Q65925929,Q65925929
http://www.wikidata.org/entity/Q65925930,Q65925930
http://www.wikidata.org/entity/Q65925931,Q65925931
http://www.wikidata.org/entity/Q65925932,Q65925932
http://www.wikidata.org/entity/Q65925933,Q65925933
http://www.wikidata.org/entity/Q65925934,Q65925934
http://www.wikidata.org/entity/Q65925935,Q65925935
http://www.wikidata.org/entity/Q65925936,Jú
http://www.wikidata.org/entity/Q65925937,Áng
http://www.wikidata.org/entity/Q65925938,Shù
http://www.wikidata.org/entity/Q65925939,Q65925939
http://www.wikidata.org/entity/Q65925941,Q65925941
http://www.wikidata.org/entity/Q65925942,Q65925942
http://www.wikidata.org/entity/Q65925943,Q65925943
http://www.wikidata.org/entity/Q65925944,Q65925944
http://www.wikidata.org/entity/Q65925945,Xiang
http://www.wikidata.org/entity/Q65925946,Xiān
http://www.wikidata.org/entity/Q65925948,Q65925948
http://www.wikidata.org/entity/Q65925949,Zhèn
http://www.wikidata.org/entity/Q65925950,Q65925950
http://www.wikidata.org/entity/Q65925951,Q65925951
http://www.wikidata.org/entity/Q65925952,Q65925952
http://www.wikidata.org/entity/Q65925953,Q65925953
http://www.wikidata.org/entity/Q65925954,Q65925954
http://www.wikidata.org/entity/Q65925955,Q65925955
http://www.wikidata.org/entity/Q65925956,Q65925956
http://www.wikidata.org/entity/Q65925957,Q65925957
http://www.wikidata.org/entity/Q65925958,Fàng
http://www.wikidata.org/entity/Q65925959,Q65925959
http://www.wikidata.org/entity/Q65925960,Q65925960
http://www.wikidata.org/entity/Q65925961,Shǒu
http://www.wikidata.org/entity/Q65925962,Q65925962
http://www.wikidata.org/entity/Q65925963,Q65925963
http://www.wikidata.org/entity/Q65925964,Q65925964
http://www.wikidata.org/entity/Q65925965,Q65925965
http://www.wikidata.org/entity/Q65925967,Q65925967
http://www.wikidata.org/entity/Q65925968,Q65925968
http://www.wikidata.org/entity/Q65925969,Q65925969
http://www.wikidata.org/entity/Q65925970,Q65925970
http://www.wikidata.org/entity/Q65925971,Q65925971
http://www.wikidata.org/entity/Q65925972,Q65925972
http://www.wikidata.org/entity/Q65925973,Q65925973
http://www.wikidata.org/entity/Q65925976,Q65925976
http://www.wikidata.org/entity/Q65925977,Q65925977
http://www.wikidata.org/entity/Q65925978,Q65925978
http://www.wikidata.org/entity/Q65925979,Q65925979
http://www.wikidata.org/entity/Q65925981,Q65925981
http://www.wikidata.org/entity/Q65925982,Kē
http://www.wikidata.org/entity/Q65925983,Q65925983
http://www.wikidata.org/entity/Q65925984,Huì
http://www.wikidata.org/entity/Q65925985,Q65925985
http://www.wikidata.org/entity/Q65925986,Mù
http://www.wikidata.org/entity/Q65925987,Q65925987
http://www.wikidata.org/entity/Q65925988,Niàn
http://www.wikidata.org/entity/Q65925989,Xīn
http://www.wikidata.org/entity/Q65925990,Q65925990
http://www.wikidata.org/entity/Q65925992,Q65925992
http://www.wikidata.org/entity/Q65925993,Q65925993
http://www.wikidata.org/entity/Q65925994,Pǔ
http://www.wikidata.org/entity/Q65925996,Q65925996
http://www.wikidata.org/entity/Q65925997,Q65925997
http://www.wikidata.org/entity/Q65925998,Q65925998
http://www.wikidata.org/entity/Q65925999,Q65925999
http://www.wikidata.org/entity/Q65926000,Q65926000
http://www.wikidata.org/entity/Q65926002,Q65926002
http://www.wikidata.org/entity/Q65926003,Q65926003
http://www.wikidata.org/entity/Q65926004,Q65926004
http://www.wikidata.org/entity/Q65926005,Yí
http://www.wikidata.org/entity/Q65926006,Q65926006
http://www.wikidata.org/entity/Q65926007,Q65926007
http://www.wikidata.org/entity/Q65926008,Q65926008
http://www.wikidata.org/entity/Q65926009,Gōng
http://www.wikidata.org/entity/Q65926010,Mào
http://www.wikidata.org/entity/Q65926011,Yu
http://www.wikidata.org/entity/Q65926012,Q65926012
http://www.wikidata.org/entity/Q65926013,Q65926013
http://www.wikidata.org/entity/Q65926014,Q65926014
http://www.wikidata.org/entity/Q65926015,Q65926015
http://www.wikidata.org/entity/Q65926016,Péng
http://www.wikidata.org/entity/Q65926017,Q65926017
http://www.wikidata.org/entity/Q65926018,Yīng
http://www.wikidata.org/entity/Q65926019,Q65926019
http://www.wikidata.org/entity/Q65926020,Q65926020
http://www.wikidata.org/entity/Q65926021,Q65926021
http://www.wikidata.org/entity/Q65926022,Fān
http://www.wikidata.org/entity/Q65926023,Q65926023
http://www.wikidata.org/entity/Q65926024,Xuán
http://www.wikidata.org/entity/Q65926025,Sù
http://www.wikidata.org/entity/Q65926026,Chéng
http://www.wikidata.org/entity/Q65926027,Pǐn
http://www.wikidata.org/entity/Q65926028,Q65926028
http://www.wikidata.org/entity/Q65926029,Jùn
http://www.wikidata.org/entity/Q65926031,Zì
http://www.wikidata.org/entity/Q65926032,Q65926032
http://www.wikidata.org/entity/Q65926033,Q65926033
http://www.wikidata.org/entity/Q65926034,Q65926034
http://www.wikidata.org/entity/Q65926035,Q65926035
http://www.wikidata.org/entity/Q65926036,Q65926036
http://www.wikidata.org/entity/Q65926037,Q65926037
http://www.wikidata.org/entity/Q65926038,Shí
http://www.wikidata.org/entity/Q65926039,Xíng
http://www.wikidata.org/entity/Q65926041,Q65926041
http://www.wikidata.org/entity/Q65926042,Q65926042
http://www.wikidata.org/entity/Q65926043,Q65926043
http://www.wikidata.org/entity/Q65926044,Q65926044
http://www.wikidata.org/entity/Q65926045,Suī
http://www.wikidata.org/entity/Q65926046,Q65926046
http://www.wikidata.org/entity/Q65926047,Q65926047
http://www.wikidata.org/entity/Q65926048,Q65926048
http://www.wikidata.org/entity/Q65926049,Huán
http://www.wikidata.org/entity/Q65926050,Q65926050
http://www.wikidata.org/entity/Q65926051,Zhu
http://www.wikidata.org/entity/Q65926052,Q65926052
http://www.wikidata.org/entity/Q65926053,Mǎng
http://www.wikidata.org/entity/Q65926054,Q65926054
http://www.wikidata.org/entity/Q65926055,Q65926055
http://www.wikidata.org/entity/Q65926056,Q65926056
http://www.wikidata.org/entity/Q65926057,Q65926057
http://www.wikidata.org/entity/Q65926058,Q65926058
http://www.wikidata.org/entity/Q65926059,Ní
http://www.wikidata.org/entity/Q65926060,Q65926060
http://www.wikidata.org/entity/Q65926061,Jiān
http://www.wikidata.org/entity/Q65926062,Qìng
http://www.wikidata.org/entity/Q65926063,Q65926063
http://www.wikidata.org/entity/Q65926064,Q65926064
http://www.wikidata.org/entity/Q65926065,Q65926065
http://www.wikidata.org/entity/Q65926174,Q65926174
http://www.wikidata.org/entity/Q65926175,Q65926175
http://www.wikidata.org/entity/Q65926176,Lè
http://www.wikidata.org/entity/Q65926177,Q65926177
http://www.wikidata.org/entity/Q65926178,Q65926178
http://www.wikidata.org/entity/Q65926179,Q65926179
http://www.wikidata.org/entity/Q65926180,Q65926180
http://www.wikidata.org/entity/Q65926181,Q65926181
http://www.wikidata.org/entity/Q65926182,Shèng
http://www.wikidata.org/entity/Q65926184,Q65926184
http://www.wikidata.org/entity/Q65926185,Wei
http://www.wikidata.org/entity/Q65926187,Yǒng
http://www.wikidata.org/entity/Q65926212,Q65926212
http://www.wikidata.org/entity/Q66614816,Quezón
http://www.wikidata.org/entity/Q85881634,Cóng
http://www.wikidata.org/entity/Q85881772,Hàn
http://www.wikidata.org/entity/Q94243409,Mou
http://www.wikidata.org/entity/Q94524628,Chí
http://www.wikidata.org/entity/Q96099066,Guó
http://www.wikidata.org/entity/Q96211582,Zōng
http://www.wikidata.org/entity/Q96247420,Yòu
http://www.wikidata.org/entity/Q96247479,Yōu
http://www.wikidata.org/entity/Q96252738,Yán
http://www.wikidata.org/entity/Q96787021,Ní
http://www.wikidata.org/entity/Q97352603,Cuàn
http://www.wikidata.org/entity/Q97577379,Ruògān
http://www.wikidata.org/entity/Q97654680,Guàn
http://www.wikidata.org/entity/Q98138014,Jisun
http://www.wikidata.org/entity/Q98138025,Shusun
http://www.wikidata.org/entity/Q98138031,Mengsun
http://www.wikidata.org/entity/Q99533744,Jian
http://www.wikidata.org/entity/Q103819971,Hǎo
http://www.wikidata.org/entity/Q105470257,Dān
http://www.wikidata.org/entity/Q106803023,Mù
http://www.wikidata.org/entity/Q106968373,Zhào
http://www.wikidata.org/entity/Q108106977,Qiao
http://www.wikidata.org/entity/Q65926066,Q65926066
http://www.wikidata.org/entity/Q65926067,Q65926067
http://www.wikidata.org/entity/Q65926068,Q65926068
http://www.wikidata.org/entity/Q65926069,Q65926069
http://www.wikidata.org/entity/Q65926070,Q65926070
http://www.wikidata.org/entity/Q65926072,Q65926072
http://www.wikidata.org/entity/Q65926073,Q65926073
http://www.wikidata.org/entity/Q65926074,Ní
http://www.wikidata.org/entity/Q65926075,Pu
http://www.wikidata.org/entity/Q65926076,Q65926076
http://www.wikidata.org/entity/Q65926077,Q65926077
http://www.wikidata.org/entity/Q65926078,Q65926078
http://www.wikidata.org/entity/Q65926079,Q65926079
http://www.wikidata.org/entity/Q65926080,Q65926080
http://www.wikidata.org/entity/Q65926081,Duān
http://www.wikidata.org/entity/Q65926082,Q65926082
http://www.wikidata.org/entity/Q65926083,Q65926083
http://www.wikidata.org/entity/Q65926084,Q65926084
http://www.wikidata.org/entity/Q65926085,Q65926085
http://www.wikidata.org/entity/Q65926086,鬍
http://www.wikidata.org/entity/Q65926087,Q65926087
http://www.wikidata.org/entity/Q65926088,Q65926088
http://www.wikidata.org/entity/Q65926089,Tuò
http://www.wikidata.org/entity/Q65926090,Q65926090
http://www.wikidata.org/entity/Q65926091,Q65926091
http://www.wikidata.org/entity/Q65926092,Q65926092
http://www.wikidata.org/entity/Q65926093,Q65926093
http://www.wikidata.org/entity/Q65926094,Q65926094
http://www.wikidata.org/entity/Q65926095,Q65926095
http://www.wikidata.org/entity/Q65926096,Q65926096
http://www.wikidata.org/entity/Q65926097,Q65926097
http://www.wikidata.org/entity/Q65926098,Q65926098
http://www.wikidata.org/entity/Q65926099,Q65926099
http://www.wikidata.org/entity/Q65926100,Q65926100
http://www.wikidata.org/entity/Q65926101,Jiǔ
http://www.wikidata.org/entity/Q65926102,Q65926102
http://www.wikidata.org/entity/Q65926103,Jīng
http://www.wikidata.org/entity/Q65926105,Fěi
http://www.wikidata.org/entity/Q65926106,Q65926106
http://www.wikidata.org/entity/Q65926107,Ní
http://www.wikidata.org/entity/Q65926108,Mǎo
http://www.wikidata.org/entity/Q65926109,Q65926109
http://www.wikidata.org/entity/Q65926111,Chén
http://www.wikidata.org/entity/Q65926112,Biāo
http://www.wikidata.org/entity/Q65926113,Dé
http://www.wikidata.org/entity/Q65926114,Q65926114
http://www.wikidata.org/entity/Q65926115,Q65926115
http://www.wikidata.org/entity/Q65926116,Q65926116
http://www.wikidata.org/entity/Q65926117,Q65926117
http://www.wikidata.org/entity/Q65926118,Q65926118
http://www.wikidata.org/entity/Q65926120,Q65926120
http://www.wikidata.org/entity/Q65926121,Q65926121
http://www.wikidata.org/entity/Q65926122,Q65926122
http://www.wikidata.org/entity/Q65926123,Q65926123
http://www.wikidata.org/entity/Q65926124,Ruì
http://www.wikidata.org/entity/Q65926125,Yǎ
http://www.wikidata.org/entity/Q65926126,Q65926126
http://www.wikidata.org/entity/Q65926127,Zhì
http://www.wikidata.org/entity/Q65926128,Q65926128
http://www.wikidata.org/entity/Q65926129,Q65926129
http://www.wikidata.org/entity/Q65926130,Q65926130
http://www.wikidata.org/entity/Q65926131,Q65926131
http://www.wikidata.org/entity/Q65926132,Q65926132
http://www.wikidata.org/entity/Q65926133,Xī
http://www.wikidata.org/entity/Q65926134,Tuó
http://www.wikidata.org/entity/Q65926136,Q65926136
http://www.wikidata.org/entity/Q65926137,Guāng
http://www.wikidata.org/entity/Q65926138,Q65926138
http://www.wikidata.org/entity/Q65926139,Q65926139
http://www.wikidata.org/entity/Q65926140,Shù
http://www.wikidata.org/entity/Q65926141,Q65926141
http://www.wikidata.org/entity/Q65926142,Q65926142
http://www.wikidata.org/entity/Q65926144,Q65926144
http://www.wikidata.org/entity/Q65926145,Q65926145
http://www.wikidata.org/entity/Q65926146,Q65926146
http://www.wikidata.org/entity/Q65926147,Q65926147
http://www.wikidata.org/entity/Q65926148,Q65926148
http://www.wikidata.org/entity/Q65926149,Q65926149
http://www.wikidata.org/entity/Q65926150,Q65926150
http://www.wikidata.org/entity/Q65926151,Q65926151
http://www.wikidata.org/entity/Q65926152,Q65926152
http://www.wikidata.org/entity/Q65926153,Q65926153
http://www.wikidata.org/entity/Q65926154,Q65926154
http://www.wikidata.org/entity/Q65926155,Q65926155
http://www.wikidata.org/entity/Q65926156,Q65926156
http://www.wikidata.org/entity/Q65926157,Rén
http://www.wikidata.org/entity/Q65926158,Yù
http://www.wikidata.org/entity/Q65926159,Q65926159
http://www.wikidata.org/entity/Q65926160,Q65926160
http://www.wikidata.org/entity/Q65926161,Q65926161
http://www.wikidata.org/entity/Q65926162,Q65926162
http://www.wikidata.org/entity/Q65926164,Q65926164
http://www.wikidata.org/entity/Q65926165,Chū
http://www.wikidata.org/entity/Q65926166,Q65926166
http://www.wikidata.org/entity/Q65926167,Q65926167
http://www.wikidata.org/entity/Q65926168,Q65926168
http://www.wikidata.org/entity/Q65926169,Yáo
http://www.wikidata.org/entity/Q65926170,Q65926170
http://www.wikidata.org/entity/Q65926172,Q65926172
http://www.wikidata.org/entity/Q65926173,Hú
