mythicalCreature,mythicalCreatureLabel,mythicalCreatureDescription
http://www.wikidata.org/entity/Q1398720,Halios geron,divinité de la mythologie grecque
http://www.wikidata.org/entity/Q977164,Aamon,démon
http://www.wikidata.org/entity/Q304227,Aba,nymphe grecque
http://www.wikidata.org/entity/Q276765,Abaddon,ange exterminateur
http://www.wikidata.org/entity/Q29394159,Abalam,prince de l’enfer de la suite de Paimon
http://www.wikidata.org/entity/Q305611,Abas,"personnage de la mythologie grecque, fils d'Ixion"
http://www.wikidata.org/entity/Q308141,Abdiel,ange mentionné dans Paradis perdu de Milton
http://www.wikidata.org/entity/Q16525118,Abundia,fée bienfaisante qui apporte l'abondance
http://www.wikidata.org/entity/Q4748,Abyzou,démone
http://www.wikidata.org/entity/Q4668463,Acaste,Océanide de la mythologie grecque
http://www.wikidata.org/entity/Q391379,Achelous,dieu fluvial de la mythologie grecque
http://www.wikidata.org/entity/Q12626619,Acheron,rivière mythologique
http://www.wikidata.org/entity/Q3615214,Achiroe,personnage de la mythologie grecque
http://www.wikidata.org/entity/Q419156,Acis,personnage de la mythologie grecque
http://www.wikidata.org/entity/Q12898582,Actaea,Néréide de la mythologie grecque
http://www.wikidata.org/entity/Q2657005,Adamastor,personnage mythologique
http://www.wikidata.org/entity/Q4682505,Adhene,personnages mythiques de l'île de Man
http://www.wikidata.org/entity/Q4679171,Admete,Océanide de la mythologie grecque
http://www.wikidata.org/entity/Q366515,Adramelech,"Démon, Grand chancelier des Enfers"
http://www.wikidata.org/entity/Q4057954,Adrasteia,nymphe de la mythologie grecque
http://www.wikidata.org/entity/Q321298,Aegina,nymphe de la mythologie grecque
http://www.wikidata.org/entity/Q21272183,Aegle,figure de la mythologie grecque
http://www.wikidata.org/entity/Q1371462,Aethon,"rapace qui, sur l'ordre de Zeus, rongeait chaque jour le foie de Prométhée enchaîné"
http://www.wikidata.org/entity/Q410531,Aethra,Océanide
http://www.wikidata.org/entity/Q390448,Aganippe,nymphe de la mythologie grecque
http://www.wikidata.org/entity/Q390597,Agares,démon
http://www.wikidata.org/entity/Q381459,Agave,personnage de la mythologie grecque
http://www.wikidata.org/entity/Q391614,Agave,Néréide de la mythologie grecque
http://www.wikidata.org/entity/Q518658,Agrius,centaure de la mythologie grecque
http://www.wikidata.org/entity/Q14912115,Agrius,géant de la mythologie grecque
http://www.wikidata.org/entity/Q402963,Ahti,Dieu de la mer et de la pêche dans la mythologie finlandaise
http://www.wikidata.org/entity/Q4696456,Ahöla,esprit étant dans la religion Hopi
http://www.wikidata.org/entity/Q21286569,Aigeiros,"hamadryade de la mythologie grecque, fille d'Hamadryas et d'Oxylos"
http://www.wikidata.org/entity/Q2607548,Aim,démon
http://www.wikidata.org/entity/Q1660457,Akabeko,vache légendaire et jouet traditionnel japonais
http://www.wikidata.org/entity/Q431296,Akateko,esprit du folklore japonais
http://www.wikidata.org/entity/Q763268,Alcyone,"personnage de la mythologie grecque, fille d'Atlas et de Pléione"
http://www.wikidata.org/entity/Q2742049,Alignak,divinité inuit
http://www.wikidata.org/entity/Q867336,Alkonost,créature de la mythologie slave
http://www.wikidata.org/entity/Q2141167,Allocer,démon
http://www.wikidata.org/entity/Q107785,Amalthea,Océanide de la mythologie grecque
http://www.wikidata.org/entity/Q455210,Amarok,gigantesque esprit du loup dans la mythologie inuit
http://www.wikidata.org/entity/Q12898684,Amatheia,Néréide de la mythologie grecque
http://www.wikidata.org/entity/Q3613853,Ambrosia,Nymphe de la pluie ou Hyade dans la mythologie grecque
http://www.wikidata.org/entity/Q3078917,Amdusias,démon
http://www.wikidata.org/entity/Q474474,Ampelos,divinité de la mythologie grecque
http://www.wikidata.org/entity/Q12748314,Ampelus,"hamadryade de la mythologie grecque, fille d'Hamadryas et d'Oxylos"
http://www.wikidata.org/entity/Q21452535,Amphinome,Une des Néréides
http://www.wikidata.org/entity/Q2197827,Amphiro,Une des Océanides
http://www.wikidata.org/entity/Q12898698,Amphithoe,Néréide de la mythologie grecque
http://www.wikidata.org/entity/Q180222,Amphitrite,Océanide de la mythologie grecque
http://www.wikidata.org/entity/Q3231630,Amy,démon
http://www.wikidata.org/entity/Q3615218,Ancio,centaure
http://www.wikidata.org/entity/Q1782874,Andras,démon
http://www.wikidata.org/entity/Q2742962,Andrealphus,démon
http://www.wikidata.org/entity/Q2846937,Andromalius,démon
http://www.wikidata.org/entity/Q47534,Anubis,dieu funéraire de l'Égypte antique
http://www.wikidata.org/entity/Q614030,Anytos,page d'homonymie d'un projet Wikimédia
http://www.wikidata.org/entity/Q511292,Anzar,Dieu berbère de l'eau
http://www.wikidata.org/entity/Q2858114,Apalala,dragon d'eau de la mythologie bouddhiste
http://www.wikidata.org/entity/Q448351,Apasmara,Démon de l'ignorance dans l'hindouisme
http://www.wikidata.org/entity/Q12898780,Apseudes,Néréide de la mythologie grecque
http://www.wikidata.org/entity/Q643456,Arethusa,Néréide de la mythologie grecque
http://www.wikidata.org/entity/Q420269,Arges,cyclope du mythe grec d'Ouranos
http://www.wikidata.org/entity/Q106076725,Argie,Une des Océanides
http://www.wikidata.org/entity/Q2861030,Argolis,fleuve
http://www.wikidata.org/entity/Q658560,Ariel,ange ou archange dans le mysticisme juif et chrétien
http://www.wikidata.org/entity/Q2861418,Aristaeus,géant dans la mythologie grecque
http://www.wikidata.org/entity/Q4803671,Asbeel,fallen angel
http://www.wikidata.org/entity/Q907685,Ash,divinité égyptienne
http://www.wikidata.org/entity/Q724824,Ashaqlun,démon manichéenne
http://www.wikidata.org/entity/Q605744,Asia,Océanide de la mythologie grecque
http://www.wikidata.org/entity/Q733322,Asmodeus,démon
http://www.wikidata.org/entity/Q622781,Asopus,dieu fleuve de la mythologie grecque
http://www.wikidata.org/entity/Q830172,Astaroth,démon
http://www.wikidata.org/entity/Q18642285,Asteria,Divinité primordiale de la mythologie grecque
http://www.wikidata.org/entity/Q2868617,Astraios,géant dans la mythologie grecque
http://www.wikidata.org/entity/Q3514860,Athis,"personnage de la mythologie gréco-romaine, demi-dieu et guerrier indien ennemi de Persée"
http://www.wikidata.org/entity/Q130818,Atlas,personnage de la mythologie grecque
http://www.wikidata.org/entity/Q4816856,Atlas of Mauretania,personnage de la mythologie grecque
http://www.wikidata.org/entity/Q774101,Aura,divinité de la mythologie grecque
http://www.wikidata.org/entity/Q12898908,Autonoe,Néréide de la mythologie grecque
http://www.wikidata.org/entity/Q4830640,Axius,divinité aquatique grecque
http://www.wikidata.org/entity/Q721135,Azazel,démon
http://www.wikidata.org/entity/Q30158710,Aziel,démon évoqué par Faust
http://www.wikidata.org/entity/Q16154505,Aziza,page d'homonymie d'un projet Wikimédia
http://www.wikidata.org/entity/Q515882,Azure Dragon,créature astrologique chinoise
http://www.wikidata.org/entity/Q590467,Baal,divinité du Proche-Orient
http://www.wikidata.org/entity/Q1757445,Baal-berith,démon
http://www.wikidata.org/entity/Q83879,Baal-hamon,Divinité centrale de la religion carthaginoise
http://www.wikidata.org/entity/Q187002,Baba Yaga,figure marquante du conte russe
http://www.wikidata.org/entity/Q797477,Bael,démon
http://www.wikidata.org/entity/Q794547,Bahamut,créature de la mythologie arabe
http://www.wikidata.org/entity/Q804542,Baku,"créature surnaturelle japonaise originaire du folklore chinois, proche du tapir."
http://www.wikidata.org/entity/Q2139336,Balam,démon
http://www.wikidata.org/entity/Q21286610,Balanus,"hamadryade de la mythologie grecque, fille d'Hamadryas et d'Oxylos"
http://www.wikidata.org/entity/Q1992451,Balaur,animal mythologique roumain
http://www.wikidata.org/entity/Q9164605,Balius,cheval immortel de la mythologie grecque
http://www.wikidata.org/entity/Q4851176,Ball-tailed cat,félin légendaire d'Amérique du Nord
http://www.wikidata.org/entity/Q2245378,Baloo,personnage de fiction
http://www.wikidata.org/entity/Q2458513,Barbas,démon
http://www.wikidata.org/entity/Q2331361,Barbatos,démon
http://www.wikidata.org/entity/Q204753,Barong,créature mythologique balinaise
http://www.wikidata.org/entity/Q126319,Batea,personnage de la mythologie grecque
http://www.wikidata.org/entity/Q3235546,Bathin,démon
http://www.wikidata.org/entity/Q804202,Bayun the Cat,personnage de contes russes
http://www.wikidata.org/entity/Q3254885,Bedawang,tortue balinaise mythique portant le monde sur son dos
http://www.wikidata.org/entity/Q378477,Behemoth,créature biblique
http://www.wikidata.org/entity/Q952150,Beleth,démon
http://www.wikidata.org/entity/Q815594,Belial,terme biblique devenu le nom d'un démon
http://www.wikidata.org/entity/Q816170,Belphegor,divinité devenue démon
http://www.wikidata.org/entity/Q793088,Benthesikyme,divinité de la mythologie grecque
http://www.wikidata.org/entity/Q2622635,Berehynia,esprit de l'eau slave
http://www.wikidata.org/entity/Q821900,Berlingr,nain dans la mythologie nordique
http://www.wikidata.org/entity/Q826973,Beroe,Néréide ou Océanide de la mythologie grecque
http://www.wikidata.org/entity/Q12721690,Bhaia,Démon de la mythologie védique
http://www.wikidata.org/entity/Q757984,Bi'an,"fils du dragon à corps de tigre dans la mythologie chinoise, utilisé dans les tribunaux et prisons, pour déterminer qui est bon de qui est mauvais"
http://www.wikidata.org/entity/Q855440,Bienor,centaure de la mythologie grecque
http://www.wikidata.org/entity/Q3235542,Bifrons,démon
http://www.wikidata.org/entity/Q2634191,Biscione,animal héraldique
http://www.wikidata.org/entity/Q125696,Black Tortoise,symbole de la mythologie chinoise
http://www.wikidata.org/entity/Q3267941,Blóðughófi,cheval du dieu Freyr
http://www.wikidata.org/entity/Q11917047,Boiet,Esprit frappeur des Iles baléares
http://www.wikidata.org/entity/Q4810860,Bolbe,Océanide de la mythologie grecque
http://www.wikidata.org/entity/Q3502914,Bolg,personnage du légendaire de Tolkien
http://www.wikidata.org/entity/Q2910190,Bonkers D. Bobcat,Personnage principal de la série Bonkers (Disney)
http://www.wikidata.org/entity/Q2530829,Botis,démon
http://www.wikidata.org/entity/Q598810,Bran the Blessed,personnage de la mythologie celtique brittonique
http://www.wikidata.org/entity/Q3643892,Brathy,personne de la mythologie phénicienne
http://www.wikidata.org/entity/Q849647,Briareus,"L'un des Hécatonchires, dans la mythologie grecque"
http://www.wikidata.org/entity/Q10435642,Brise,Type de un Loas
http://www.wikidata.org/entity/Q831577,Britomartis,divinité de la mythologie grecque
http://www.wikidata.org/entity/Q921527,Brizo,divinité de la mythologie grecque
http://www.wikidata.org/entity/Q667670,Buchis,manifestation de la déification du ka du dieu égyptien Montou sous la forme d'un taureau sacré
http://www.wikidata.org/entity/Q930253,Buer,démon
http://www.wikidata.org/entity/Q55606125,Bull of Heaven,créature mythologique mésopotamienne
http://www.wikidata.org/entity/Q2729046,Bune,démon
http://www.wikidata.org/entity/Q9182061,Bunis,Démon des tartares
http://www.wikidata.org/entity/Q332242,Buraq,animal fantastique dans la tradition islamique
http://www.wikidata.org/entity/Q3649172,Cabeiro,nymphe de la mythologie grecque
http://www.wikidata.org/entity/Q1024984,Caca,déesse de la mythologie romaine
http://www.wikidata.org/entity/Q754686,Cacus,"fils de Vulcain, Géant qui vomit des tourbillons de flamme et de fumée"
http://www.wikidata.org/entity/Q5016347,Cadejo,créature mythique du folklore méso-américain
http://www.wikidata.org/entity/Q2746267,Caim,démon
http://www.wikidata.org/entity/Q12899130,Callianassa,Néréide de la mythologie grecque
http://www.wikidata.org/entity/Q97653378,Callianira,Une des Néréides
http://www.wikidata.org/entity/Q913161,Callirrhoe,Océanide de la mythologie grecque
http://www.wikidata.org/entity/Q2934546,Calybe,nymphe de la mythologie grecque
http://www.wikidata.org/entity/Q654379,Calydonian Boar,créature fantastique de la mythologie grecque
http://www.wikidata.org/entity/Q48961,Calypso,Océanide de la mythologie grecque
http://www.wikidata.org/entity/Q2723859,Camael,ange
http://www.wikidata.org/entity/Q857144,Camenae,Nymphes des sources et des bois dans la religion romaine archaïque.
http://www.wikidata.org/entity/Q176130,Campe,monstre de la mythologie grecque
http://www.wikidata.org/entity/Q29490124,Carya,"hamadryade de la mythologie grecque, fille d'Hamadryas et d'Oxylos"
http://www.wikidata.org/entity/Q2603986,Cath Palug,chat légendaire de la légende arthurienne
http://www.wikidata.org/entity/Q1478704,Cephissus,dieu fleuve de la mythologie grecque
http://www.wikidata.org/entity/Q4219870,Cephissus,dieu fleuve d'Argolide
http://www.wikidata.org/entity/Q83496,Cerberus,chien à trois têtes gardant l'entrée des Enfers de la mythologie grecque
http://www.wikidata.org/entity/Q12879053,Cerceis,une des Océanides
http://www.wikidata.org/entity/Q739737,Cernunnos,dieu gaulois
http://www.wikidata.org/entity/Q466882,Ceryneian Hind,créature fantastique de la mythologie grecque de la stature d'un taureau
http://www.wikidata.org/entity/Q209489,Ceto,divinité de la mythologie grecque
http://www.wikidata.org/entity/Q5065673,Ceto,Océanide de la mythologie grecque
http://www.wikidata.org/entity/Q97667465,Ceto,Une des Néréides
http://www.wikidata.org/entity/Q5764126,Chakor,Oiseau légendaire
http://www.wikidata.org/entity/Q752213,Chalchiuhtlicue,divinité de la mythologie aztèque
http://www.wikidata.org/entity/Q192082,Charybdis,personnage de la mythologie grecque transformé en gouffre marin par Zeus
http://www.wikidata.org/entity/Q1069104,Chelone,personnage de la mythologie grecque
http://www.wikidata.org/entity/Q2962899,Cheval Gauvin,cheval légendaire
http://www.wikidata.org/entity/Q182790,Chimera,créature fantastique composite
http://www.wikidata.org/entity/Q215605,Chinese dragon,créature légendaire
http://www.wikidata.org/entity/Q7382381,Chione,fille de Borée
http://www.wikidata.org/entity/Q1074481,Chios,personnage de la mythologie grecque
http://www.wikidata.org/entity/Q183417,Chiron,centaure de la mythologie grecque
http://www.wikidata.org/entity/Q18643251,Chlidanope,nymphe de la mythologie grecque
http://www.wikidata.org/entity/Q1075258,Chloris,nymphe de la mythologie grecque
http://www.wikidata.org/entity/Q57424690,Chryseis,Unes des Océanides
http://www.wikidata.org/entity/Q1088867,Chrysomallos,"bélier ailé à la toison d'or, créature de la mythologie grecque"
http://www.wikidata.org/entity/Q3697327,Chrysopeleia,hamadryade de la mythologie grecque
http://www.wikidata.org/entity/Q5116118,Chullachaqui,créature maléfique de la jungle amazonienne
http://www.wikidata.org/entity/Q183571,Chupacabra,créature fantastique d'Amérique latine
http://www.wikidata.org/entity/Q187602,Circe,personnage de la mythologie grecque
http://www.wikidata.org/entity/Q17581463,Cleito,"personnage de la mythologie grecque, fille d'Événor"
http://www.wikidata.org/entity/Q2980753,Cleocharia,reine mythique de Laconie dans la mythologie grecque
http://www.wikidata.org/entity/Q12899376,Clio,Néréide de la mythologie grecque
http://www.wikidata.org/entity/Q782481,Clitumnus,dieu romain
http://www.wikidata.org/entity/Q2344103,Clymene,Néréide de la mythologie grecque
http://www.wikidata.org/entity/Q866674,Clytie,Océanide de la mythologie grecque
http://www.wikidata.org/entity/Q1101752,Clíodhna,prénom féminin
http://www.wikidata.org/entity/Q1780711,Comus,divinité de la mythologie grecque
http://www.wikidata.org/entity/Q2720272,Conde Estruch,personnage de légende
http://www.wikidata.org/entity/Q644692,Corcyra,nymphe de la mythologie grecque
http://www.wikidata.org/entity/Q10854746,Coronis,Hyade
http://www.wikidata.org/entity/Q2998824,Coulobre,créature fantastique qui hantait la Fontaine de Vaucluse
http://www.wikidata.org/entity/Q58838290,Cranto,Une des Néréides
http://www.wikidata.org/entity/Q58840962,Creneis,Une des Néréides
http://www.wikidata.org/entity/Q631865,Crinisus,Divinité de l'eau
http://www.wikidata.org/entity/Q3231732,Crocell,démon
http://www.wikidata.org/entity/Q1751992,Crommyonian Sow,créature fantastique de la mythologie grecque
http://www.wikidata.org/entity/Q44204,Cronus,"Titan, époux de sa sœur Rhéa et le père d'Hestia, Déméter, Héra, Hadès, Poséidon et Zeus"
http://www.wikidata.org/entity/Q1707194,Cuco,créature des folklores hispanique et portugais
http://www.wikidata.org/entity/Q5011,Cupid,dieu de l'amour dans la mythologie romaine
http://www.wikidata.org/entity/Q1423058,Cyane,naïade de la mythologie grecque
http://www.wikidata.org/entity/Q12899524,Cydippe,Néréide de la mythologie grecque
http://www.wikidata.org/entity/Q7595427,Cyllene,naïade de la mythologie grecque
http://www.wikidata.org/entity/Q12752732,Cymatolege,Néréide de la mythologie grecque
http://www.wikidata.org/entity/Q15711583,Cymo,Néréide de la mythologie grecque
http://www.wikidata.org/entity/Q15711584,Cymodoce,Néréide de la mythologie grecque
http://www.wikidata.org/entity/Q15711586,Cymothoe,Néréide de la mythologie grecque
http://www.wikidata.org/entity/Q26399341,Cyrene,"nymphe de la mythologie grecque, mère de Diomède et de Lycaon"
http://www.wikidata.org/entity/Q4154083,Daeira,Une des Océanides
http://www.wikidata.org/entity/Q623065,Dagon,dieu sémitique
http://www.wikidata.org/entity/Q10466497,Danais,nymphe de la mythologie grecque et romaine
http://www.wikidata.org/entity/Q3701850,Daniel,personnage dans le film « Steel »
http://www.wikidata.org/entity/Q3231467,Dantalion,démon
http://www.wikidata.org/entity/Q194015,Daphne,personnage de la mythologie grecque
http://www.wikidata.org/entity/Q3116535,Decarabia,démon
http://www.wikidata.org/entity/Q59661541,Deiopea,Une des Néréides
http://www.wikidata.org/entity/Q106676348,Deogen,esprit maléfique qui hante la forêt de Sonian
http://www.wikidata.org/entity/Q59773387,Dero,Une des Néréides
http://www.wikidata.org/entity/Q12899636,Dexamene,Néréide de la mythologie grecque
http://www.wikidata.org/entity/Q199923,Dione,"divinité grecque archaïque, mère d'Aphrodite"
http://www.wikidata.org/entity/Q60172446,Dione,"dans la mythologie grecque une Néréide, fille de Nérée et de Doris"
http://www.wikidata.org/entity/Q41680,Dionysus,dieu grec de la vigne
http://www.wikidata.org/entity/Q3032423,Divona,divinité gauloise aquatique
http://www.wikidata.org/entity/Q755126,Dog,signe en astrologie chinoise
http://www.wikidata.org/entity/Q1117913,Donn Cúailnge,taureau fabuleux de la mythologie irlandaise
http://www.wikidata.org/entity/Q726279,Doris,Océanide de la mythologie grecque
http://www.wikidata.org/entity/Q12899696,Doris,Néréide de la mythologie grecque
http://www.wikidata.org/entity/Q12876506,Doto,Néréide de la mythologie grecque
http://www.wikidata.org/entity/Q60388380,Doug The Pug St.Patrick Day,chien
http://www.wikidata.org/entity/Q731434,Dragon,signe de l'astrologie chinoise
http://www.wikidata.org/entity/Q1260264,Droopy,chien d'allure humaine présent dans les dessins animés MGM et créé par Tex Avery
http://www.wikidata.org/entity/Q5308511,Drosera,naïade
http://www.wikidata.org/entity/Q12899700,Drymo,Néréide de la mythologie grecque
http://www.wikidata.org/entity/Q910403,Dryope,personnage de la mythologie grecque
http://www.wikidata.org/entity/Q761597,Dynamene,Néréide de la mythologie grecque
http://www.wikidata.org/entity/Q108636,Easter Bunny,créature imaginaire
http://www.wikidata.org/entity/Q207368,Echo,Oréade de la mythologie grecque
http://www.wikidata.org/entity/Q2293877,Eidyia,Océanide de la mythologie grecque
http://www.wikidata.org/entity/Q1303861,Eikþyrnir,cerf fabuleux de la mythologie nordique
http://www.wikidata.org/entity/Q12899740,Eione,Néréide de la mythologie grecque
http://www.wikidata.org/entity/Q108653673,Eithné,personnage de fiction de Le Sorceleur
http://www.wikidata.org/entity/Q858663,Electra,personnage mythologie grecque
http://www.wikidata.org/entity/Q321169,Eligos,démon
http://www.wikidata.org/entity/Q5367107,Eloko,créature légendaire
http://www.wikidata.org/entity/Q903786,Empusa,"dans la mythologie grecque, une créature fantastique"
http://www.wikidata.org/entity/Q634475,Enbarr,cheval dans la mythologie celtique irlandaise
http://www.wikidata.org/entity/Q845112,Enceladus,géant de la mythologie grecque
http://www.wikidata.org/entity/Q189726,Enki,dieu de la mythologie mésopotamienne
http://www.wikidata.org/entity/Q178417,Eos,déesse de l'aurore
http://www.wikidata.org/entity/Q1249106,Ephialtes,"géant dans la mythologie grecque, fils de Gaïa et d'Ouranos"
http://www.wikidata.org/entity/Q12899771,Ephyra,Néréide de la mythologie grecque
http://www.wikidata.org/entity/Q41054,Epimetheus,personnage de la mythologie grecque
http://www.wikidata.org/entity/Q12899799,Erato,Néréide de la mythologie grecque
http://www.wikidata.org/entity/Q782764,Erato,dryade de la mythologie grecque
http://www.wikidata.org/entity/Q3731168,Ercina,nymphe de Béotie
http://www.wikidata.org/entity/Q247019,Erlang Shen,divinité aquatique
http://www.wikidata.org/entity/Q180325,Ersa,divinité de la mythologie grecque
http://www.wikidata.org/entity/Q12899823,Euagore,Néréide de la mythologie grecque
http://www.wikidata.org/entity/Q12899827,Eucrante,Néréide de la mythologie grecque
http://www.wikidata.org/entity/Q12899828,Eudore,Néréide de la mythologie grecque
http://www.wikidata.org/entity/Q60691484,Eudore,Océanide de la mythologie grecque
http://www.wikidata.org/entity/Q12899836,Eulimene,Néréide de la mythologie grecque
http://www.wikidata.org/entity/Q60777068,Eumolpe,Une des Néréides
http://www.wikidata.org/entity/Q1030030,Eunice,Néréide de la mythologie grecque
http://www.wikidata.org/entity/Q10490777,Eupheme,nymphe de la mythologie grecque
http://www.wikidata.org/entity/Q60958660,Eupompe,Une des Néréides
http://www.wikidata.org/entity/Q506285,Eurybia,divinité de la mythologie grecque
http://www.wikidata.org/entity/Q208588,Eurydice,"nymphe, épouse d'Orphée"
http://www.wikidata.org/entity/Q143457,Eurymedon,géant de la mythologie grecque
http://www.wikidata.org/entity/Q548099,Eurynome,Océanide de la mythologie grecque
http://www.wikidata.org/entity/Q19681430,Euryte,nymphe de la mythologie grecque
http://www.wikidata.org/entity/Q540468,Eurytion,centaure dans la mythologie gecque
http://www.wikidata.org/entity/Q3060927,Eurytos,Geant
http://www.wikidata.org/entity/Q60669292,Evarne,Une des Néréides
http://www.wikidata.org/entity/Q1386093,Ezrael,Ange de la révélation de Pierre
http://www.wikidata.org/entity/Q745315,Fafnir,Personnage de la mythologie scandinave
http://www.wikidata.org/entity/Q11921543,Fameliar,Esprit frappeur
http://www.wikidata.org/entity/Q3089703,Faunus,divinité romaine
http://www.wikidata.org/entity/Q182560,Fenrir,loup gigantesque dans la mythologie nordique
http://www.wikidata.org/entity/Q1407528,Feronia,"divinité antique dont le culte, originaire d'Étrurie, présidait aux travaux de l'agriculture et aux limites des champs"
http://www.wikidata.org/entity/Q3525267,Finnbhennach,taureau de la mythologie irlandaise
http://www.wikidata.org/entity/Q4491335,Focalor,démon
http://www.wikidata.org/entity/Q3235900,Foras,démon
http://www.wikidata.org/entity/Q3235533,Forneus,démon
http://www.wikidata.org/entity/Q2021531,Frankenstein's monster,personnage de fiction
http://www.wikidata.org/entity/Q131474,Freyr,dieu majeur de la mythologie nordique
http://www.wikidata.org/entity/Q613010,Fufluns,dieu étrusque
http://www.wikidata.org/entity/Q951431,Furcas,démon
http://www.wikidata.org/entity/Q2737829,Furfur,démon
http://www.wikidata.org/entity/Q663171,Gaap,démon
http://www.wikidata.org/entity/Q81989,Gabriel,Ange mentionné dans la Bible et le Coran. C'est le plus notable de tous les anges.
http://www.wikidata.org/entity/Q3094246,Gadrel,archange biblique
http://www.wikidata.org/entity/Q241070,Galatea,néréide
http://www.wikidata.org/entity/Q687240,Gamera,kaijū
http://www.wikidata.org/entity/Q2745293,Gamigin,démon
http://www.wikidata.org/entity/Q188676,Garuda,"personnage mythologique de l'hindouisme, puis du bouddhisme."
http://www.wikidata.org/entity/Q2740607,Glasya-Labolas,démon
http://www.wikidata.org/entity/Q12900082,Glauce,Néréide de la mythologie grecque
http://www.wikidata.org/entity/Q12900083,Glauconome,Néréide de la mythologie grecque
http://www.wikidata.org/entity/Q385397,Glaucus,divinité marine de la mythologie grecque
http://www.wikidata.org/entity/Q1532491,Glycon,divinité romaine
http://www.wikidata.org/entity/Q867696,Goat,signe du zodiaque chinois
http://www.wikidata.org/entity/Q6567,Godzilla,monstre de cinéma japonais
http://www.wikidata.org/entity/Q192785,Goliath,personnage biblique du Tanakh et de l'Ancien Testament
http://www.wikidata.org/entity/Q242756,Gong Gong,personnage légendaire de l'Antiquité chinoise
http://www.wikidata.org/entity/Q111135,Goofy,personnage de fiction de l'univers de Mickey Mouse
http://www.wikidata.org/entity/Q2418385,Grani,cheval de la mythologie nordique
http://www.wikidata.org/entity/Q1333602,Grannus,Dieu de l'eau
http://www.wikidata.org/entity/Q649606,Graoully,dragon de Metz
http://www.wikidata.org/entity/Q1545559,Greiss,Démon du monde légendaire de la région alpine
http://www.wikidata.org/entity/Q2346718,Gremory,démon
http://www.wikidata.org/entity/Q3116762,Gringolet,"cheval fictif de la légende arthurienne, monture de Sir Gauvain"
http://www.wikidata.org/entity/Q3116776,Gripet,Type de créature mythique
http://www.wikidata.org/entity/Q1200682,Gullfaxi,cheval mythologique
http://www.wikidata.org/entity/Q280712,Gullinbursti,"sanglier du dieu Freyr, créé par les nains forgerons Eitri et Brokk"
http://www.wikidata.org/entity/Q2740616,Gusion,démon
http://www.wikidata.org/entity/Q1418467,Ha,divinité égyptienne
http://www.wikidata.org/entity/Q3231694,Haagenti,démon
http://www.wikidata.org/entity/Q682855,Hadad,divinité
http://www.wikidata.org/entity/Q1571021,Halie,Une des 50 Néréides
http://www.wikidata.org/entity/Q3611796,Halimede,Néréide de la mythologie grecque
http://www.wikidata.org/entity/Q32143,Hapi,personnification divine du Nil dans la mythologie égyptienne
http://www.wikidata.org/entity/Q9286479,Harmonia,nymphe de la mythologie grecque
http://www.wikidata.org/entity/Q3200444,Harpina,nymphe de la mythologie grecque
http://www.wikidata.org/entity/Q259182,Hati Hróðvitnisson,loup de la mythologie nordique
http://www.wikidata.org/entity/Q1427466,Hauras,démon issu des croyances de la goétie
http://www.wikidata.org/entity/Q161999,Haymon,géant de la mythologie tyrolienne
http://www.wikidata.org/entity/Q638578,Helle,personnage de la mythologie grecque
http://www.wikidata.org/entity/Q122248,Heracles,héros de la mythologie grecque
http://www.wikidata.org/entity/Q341479,Hesione,page d'homonymie d'un projet Wikimédia
http://www.wikidata.org/entity/Q669635,Hesione,Océanide de la mythologie grecque
http://www.wikidata.org/entity/Q41419,Hestia,divinité grecque
http://www.wikidata.org/entity/Q538694,Heuresis,nymphe dans la mythologie grecque connue comme  la déesse de l'invention
http://www.wikidata.org/entity/Q1511880,Hieracosphinx,variété de sphinx
http://www.wikidata.org/entity/Q1617512,Hieromneme,personnage de la mythologie grecque
http://www.wikidata.org/entity/Q2171892,Hippo,Une des Océanides
http://www.wikidata.org/entity/Q1620048,Hippolytos,géant dans la mythologie grecque
http://www.wikidata.org/entity/Q12900271,Hipponoe,Néréide de la mythologie grecque
http://www.wikidata.org/entity/Q1498745,Hippothoe,page d'homonymie d'un projet Wikimédia
http://www.wikidata.org/entity/Q12900273,Hippothoe,Néréide de la mythologie grecque
http://www.wikidata.org/entity/Q106977856,Hopduvel,figure du diable
http://www.wikidata.org/entity/Q869595,Horse,septième animal du zodiaque chinois
http://www.wikidata.org/entity/Q936993,Huixtocihuatl,"déesse aztèque de la fertilité, du sel et de l'eau salée"
http://www.wikidata.org/entity/Q1375695,Hundun,chaos primordial de la cosmogonie chinoise
http://www.wikidata.org/entity/Q170379,Hydra,monstre possédant plusieurs têtes qui se régénèrent doublement lorsqu'elles sont tranchées
http://www.wikidata.org/entity/Q391070,Hylonome,centauresse de la mythologie grecque
http://www.wikidata.org/entity/Q506770,Hymen,divinité de la mythologie grecque
http://www.wikidata.org/entity/Q179209,Hyperion,divinité primordiale de la mythologie grecque
http://www.wikidata.org/entity/Q690603,Iacchus,divinité de la mythologie grecque
http://www.wikidata.org/entity/Q12900350,Iaera,Néréide de la mythologie grecque
http://www.wikidata.org/entity/Q12900353,Ianassa,Néréide de la mythologie grecque
http://www.wikidata.org/entity/Q12900349,Ianeira,Néréide de la mythologie grecque
http://www.wikidata.org/entity/Q106076553,Ianire,Une des Océanides
http://www.wikidata.org/entity/Q179543,Iapetos,personnage de la mythologie grecque
http://www.wikidata.org/entity/Q2007963,Idaea,nymphe de la mythologie grecque
http://www.wikidata.org/entity/Q936678,Ifrit,esprits chthoniens et djinns de feu dans le folklore islamique
http://www.wikidata.org/entity/Q765864,Illuyanka,serpent monstrueux dans la mythologie hittite
http://www.wikidata.org/entity/Q735623,Inachus,personnage de la mythologie grecque
http://www.wikidata.org/entity/Q128335,Indra,Divinité védique
http://www.wikidata.org/entity/Q223690,Ino,personnage de la mythologie grecque
http://www.wikidata.org/entity/Q179014,Io,divinité de la mythologie grecque
http://www.wikidata.org/entity/Q97629593,Ione (nereid),Une des Néréides
http://www.wikidata.org/entity/Q2746145,Ipos,démon
http://www.wikidata.org/entity/Q59220438,Isabelle,personnage d'Animal Crossing
http://www.wikidata.org/entity/Q1674747,Israfil,israfil
http://www.wikidata.org/entity/Q51664,Jesus in Islam,nom sous lequel est connu Jésus de Nazareth dans l'islam
http://www.wikidata.org/entity/Q139448,Juturna,"déesse romaine des fontaines, des puits et des sources"
http://www.wikidata.org/entity/Q181227,Jörmungandr,personnage de la mythologie nordique
http://www.wikidata.org/entity/Q1640658,Kagu-tsuchi,divinité shintō
http://www.wikidata.org/entity/Q1246343,Kallichore,nymphe de la mythologie grecque
http://www.wikidata.org/entity/Q203673,Kallisto,nymphe dans la mythologie grecque
http://www.wikidata.org/entity/Q1028571,Kamoebas,kaiju de fiction
http://www.wikidata.org/entity/Q1138769,Kanthaka,cheval légendaire de Siddharta
http://www.wikidata.org/entity/Q16182993,Kaworu Nagisa,personnage de l'anime Neon Genesis Evangelion
http://www.wikidata.org/entity/Q6395617,Keukegen,créature imaginaire
http://www.wikidata.org/entity/Q183097,Khnum,dieu de la création et des cataractes dans la mythologie égyptienne
http://www.wikidata.org/entity/Q3231717,Kimaris,démon
http://www.wikidata.org/entity/Q216810,King Kong,monstre de fiction ayant l'apparence d'un gorille géant
http://www.wikidata.org/entity/Q6458857,Kirubi,créature mythique dans la mythologie assyrienne
http://www.wikidata.org/entity/Q836792,Klymene,personnage de la mythologie grecque
http://www.wikidata.org/entity/Q182837,Koios,titan dans la mythologie grecque
http://www.wikidata.org/entity/Q21286585,Kraneia,"hamadryade de la mythologie grecque, fille d'Hamadryas et d'Oxylos"
http://www.wikidata.org/entity/Q334447,Kratos,divinité de la mythologie grecque; personnification de la puissance et de la vigueur dans la mythologie grecque
http://www.wikidata.org/entity/Q768072,Kukulkan,divinité mésoaméricaine
http://www.wikidata.org/entity/Q4806134,Kumamon,mascotte japonaise
http://www.wikidata.org/entity/Q6447937,Kushiel,ange
http://www.wikidata.org/entity/Q4502314,Kussie,lac japonais
http://www.wikidata.org/entity/Q274600,Ladon,dragon de la mythologie grecque
http://www.wikidata.org/entity/Q907245,Laelaps,chien mythologique
http://www.wikidata.org/entity/Q200073,Lamia,personnage de la mythologie grecque
http://www.wikidata.org/entity/Q21636696,Lampos,"cheval de la mythologie grecque, conduit par l'Aurore"
http://www.wikidata.org/entity/Q24297010,Lampus,"cheval de la mythologie grecque, conduit par Diomède"
http://www.wikidata.org/entity/Q4300618,Lariosauro,monstre du lac de Côme
http://www.wikidata.org/entity/Q1910200,Leigong,divinité chinoise du tonnerre
http://www.wikidata.org/entity/Q1419059,Lelex,"personnage de la mythologie grecque, roi de Sparte"
http://www.wikidata.org/entity/Q15825636,Leon,géant dans la mythologie grecque
http://www.wikidata.org/entity/Q2740678,Leraje,démon
http://www.wikidata.org/entity/Q103107,Leto,maîtresse de Zeus et mère d'Artémis et Apollon
http://www.wikidata.org/entity/Q669495,Leucosia,personnage mythologique
http://www.wikidata.org/entity/Q1821610,Leucothea,divinité de la mythologie grecque
http://www.wikidata.org/entity/Q97667477,Leucothoe,Une des Néréides
http://www.wikidata.org/entity/Q192677,Leviathan,monstre marin dans la mythologie du Proche-Orient
http://www.wikidata.org/entity/Q12900788,Ligea,Néréide de la mythologie grecque
http://www.wikidata.org/entity/Q1245648,Ligeia,Sirène de la mythologie grecque
http://www.wikidata.org/entity/Q180627,Lilith,démone et première compagne d’Adam selon les légendes juives moyenâgeuses
http://www.wikidata.org/entity/Q3240860,Lilith,personnages de l'univers de Marvel comics
http://www.wikidata.org/entity/Q1825523,Limnaee,Nymphe du Gange
http://www.wikidata.org/entity/Q739768,Limnoreia,Néréide de la mythologie grecque
http://www.wikidata.org/entity/Q1815682,Liriope,"Naïade, mère de Narcisse"
http://www.wikidata.org/entity/Q49658,Loch Ness Monster,créature légendaire vivant dans le loch Ness
http://www.wikidata.org/entity/Q133147,Loki,dieu fripon de la mythologie nordique
http://www.wikidata.org/entity/Q18759669,Lorelei,nymphe de la mythologie germanique
http://www.wikidata.org/entity/Q2938012,Lou Carcolh,personne folklorique des Landes
http://www.wikidata.org/entity/Q185498,Lucifer,"un des noms romains donné à la planète Vénus, puis, dans la tradition chrétienne, ange déchu assimilé parfois à Satan."
http://www.wikidata.org/entity/Q383582,Lucifuge Rofocale,démon
http://www.wikidata.org/entity/Q215683,Lugh,divinité celte
http://www.wikidata.org/entity/Q733664,Lutin,créature légendaire
http://www.wikidata.org/entity/Q1226617,Lycorias,Néréide de la mythologie grecque
http://www.wikidata.org/entity/Q1568295,Lysianassa,page d'homonymie d'un projet Wikimédia
http://www.wikidata.org/entity/Q1878960,Lysianassa,Néréide de la mythologie grecque
http://www.wikidata.org/entity/Q1244430,Lysithea,Océanide de la mythologie grecque
http://www.wikidata.org/entity/Q3854797,Maera,Néréide de la mythologie grecque
http://www.wikidata.org/entity/Q205233,Maia,divinité de la mythologie grecque
http://www.wikidata.org/entity/Q11613672,Maikubi,tableau de Takehara Shunsensai
http://www.wikidata.org/entity/Q607673,Malphas,démon
http://www.wikidata.org/entity/Q3235522,Malthus,démon issu des croyances de la goétie
http://www.wikidata.org/entity/Q599693,Mama Qucha,divinité de l'eau
http://www.wikidata.org/entity/Q3284925,Mamaragan,Dieu de la foudre dans la mythologie aborigène australienne
http://www.wikidata.org/entity/Q1888234,Mami Wata,divinité aquatique du culte Africain Vodoun
http://www.wikidata.org/entity/Q1518806,Manasa,Divinité hindoue
http://www.wikidata.org/entity/Q1615649,Manawydan fab Llŷr,personnage de la mythologie celtique brittonique
http://www.wikidata.org/entity/Q3235897,Marchosias,démon
http://www.wikidata.org/entity/Q3290617,Margot la fée,créature des légendes bretonnes
http://www.wikidata.org/entity/Q2087837,Mari,divinité
http://www.wikidata.org/entity/Q1546675,Marica,"nymphe de la mythologie romaine, mère de Latinus"
http://www.wikidata.org/entity/Q11770473,Marou,ange déchu
http://www.wikidata.org/entity/Q1141437,Max Goof,"personnage de fiction créé par la Walt Disney Company, fils de Dingo"
http://www.wikidata.org/entity/Q418226,Mazu,déesse chinoise
http://www.wikidata.org/entity/Q3040510,Mbielu-Mbielu-Mbielu,animal légendaire qui vivrait au Congo
http://www.wikidata.org/entity/Q6799841,Mbwiri,démon africain
http://www.wikidata.org/entity/Q12841832,Melanippe,"nymphe de la mythologie grecque, épouse d'Itonos"
http://www.wikidata.org/entity/Q738007,Melicertes,personnage de la mythologie grecque
http://www.wikidata.org/entity/Q12901014,Melite,Néréide de la mythologie grecque
http://www.wikidata.org/entity/Q16933131,Melite,naïade
http://www.wikidata.org/entity/Q106079953,Melobosis,Une des Océanides
http://www.wikidata.org/entity/Q940279,Melusine,fée
http://www.wikidata.org/entity/Q106079915,Menestho,Une des Océanides
http://www.wikidata.org/entity/Q97485551,Menippe,une des Néréides
http://www.wikidata.org/entity/Q8140979,Menoetius,personnage de la mythologie grecque
http://www.wikidata.org/entity/Q272805,Mephistopheles,démon
http://www.wikidata.org/entity/Q427122,Merope,Océanide de la mythologie grecque
http://www.wikidata.org/entity/Q735518,Merope,Pléiade de la mythologie grecque
http://www.wikidata.org/entity/Q651204,Metatron,archange de la tradition juive
http://www.wikidata.org/entity/Q190565,Metis,Océanide de la mythologie grecque
http://www.wikidata.org/entity/Q1237258,Metope,naïade de la mythologie grecque
http://www.wikidata.org/entity/Q45581,Michael the Archangel,archange
http://www.wikidata.org/entity/Q16607057,Midea,nymphe de la mythologie grecque
http://www.wikidata.org/entity/Q11129547,Mikumari,divinité shinto
http://www.wikidata.org/entity/Q1045732,Mimas,géant de la mythologie grecque
http://www.wikidata.org/entity/Q4295304,Minhocão,grand ver de terre
http://www.wikidata.org/entity/Q129866,Minotaur,personnage mythologique
http://www.wikidata.org/entity/Q8191796,Mizuhanome,divinité shinto
http://www.wikidata.org/entity/Q102884,Mnemosyne,titanide de la mémoire dans la mythologie grecque
http://www.wikidata.org/entity/Q1493440,Mogwai,sorte de lutin
http://www.wikidata.org/entity/Q4383914,Mokumokuren,esprits dans la mythologie japonaise
http://www.wikidata.org/entity/Q12901072,Molpe,sirène de la mythologie grecque
http://www.wikidata.org/entity/Q740674,Monkey,Signe du zodiaque chinois
http://www.wikidata.org/entity/Q11785269,Monster X,personnage de fiction
http://www.wikidata.org/entity/Q6902854,Monster of Lake Fagua,créature lacustre imaginaire
http://www.wikidata.org/entity/Q1964609,Morax,démon
http://www.wikidata.org/entity/Q321305,Morgan le Fay,personnage de la légende arthurienne
http://www.wikidata.org/entity/Q528869,Mormo,personnage de la mythologie grecque
http://www.wikidata.org/entity/Q746248,Mothman,créature légendaire
http://www.wikidata.org/entity/Q1423458,Mothra,kaijū
http://www.wikidata.org/entity/Q6938580,Muriel,personnage dans le film « La vérité si je mens 3 »
http://www.wikidata.org/entity/Q2357824,Murmur,démon
http://www.wikidata.org/entity/Q2581609,Naamah,succube de la mythologie juive
http://www.wikidata.org/entity/Q578680,Naberius,démon
http://www.wikidata.org/entity/Q257275,Namazu,animal légendaire du Japon
http://www.wikidata.org/entity/Q761106,Nana,fille du dieu fleuve Sangarios
http://www.wikidata.org/entity/Q2205112,Naunet,Déité de l'eau de la mythologie égyptienne
http://www.wikidata.org/entity/Q97630551,Nausithoe (nereid),Une des Néréides
http://www.wikidata.org/entity/Q4024678,Nazi zombies,page d'homonymie de Wikipédia
http://www.wikidata.org/entity/Q191815,Neith,Déese de la mythologie égyptienne
http://www.wikidata.org/entity/Q145915,Nekhbet,divinité égyptienne
http://www.wikidata.org/entity/Q199438,Nemean lion,créature fantastique tuée par Héraclès au cours de ses travaux dans la mythologie grecque
http://www.wikidata.org/entity/Q12881707,Nemertes,Néréide de la mythologie grecque
http://www.wikidata.org/entity/Q185747,Nemesis,Océanide/Déesse de la mythologie grecque
http://www.wikidata.org/entity/Q97630135,Neomeris,Une des Néréides
http://www.wikidata.org/entity/Q624551,Nephele,Nymphe
http://www.wikidata.org/entity/Q169040,Nephthys,divinité égyptienne
http://www.wikidata.org/entity/Q3954,Neptune,Dieu de la mythologie romaine
http://www.wikidata.org/entity/Q189527,Nereus,divinité marine de la mythologie grecque
http://www.wikidata.org/entity/Q1216049,Nesaea,Néréide de la mythologie grecque
http://www.wikidata.org/entity/Q51845575,Neso,Une des Néréides
http://www.wikidata.org/entity/Q466866,Nessus,centaure dans la mythologie grecque
http://www.wikidata.org/entity/Q1640742,Nethuns,dieu étrusque
http://www.wikidata.org/entity/Q24136041,Nick Wilde,personnage de Zootopie
http://www.wikidata.org/entity/Q12134676,Nicostrate,nymphe de la mythologie grecque
http://www.wikidata.org/entity/Q15710860,Nightmare Moon,antagoniste dans My little Pony: Friendship is magic
http://www.wikidata.org/entity/Q685243,Nilus,dieu fleuve de la mythologie grecque
http://www.wikidata.org/entity/Q6133988,Nine-headed Bird,Animal mythologique du royaume de Chu à l'origine du phœnix chinois.
http://www.wikidata.org/entity/Q193879,Njord,divinité germanique
http://www.wikidata.org/entity/Q32773663,Noonday Demon,démon
http://www.wikidata.org/entity/Q3343418,Nootaikok,Divinité Inuit
http://www.wikidata.org/entity/Q276563,Nu,divinité égyptienne
http://www.wikidata.org/entity/Q1903189,Nyai Roro Kidul,divinité indonésienne
http://www.wikidata.org/entity/Q214059,Níðhöggr,dragon ou serpent de la mythologie nordique
http://www.wikidata.org/entity/Q271990,Nāga,Être mythique de l'hindouisme
http://www.wikidata.org/entity/Q14317496,Nāmaka,déesse de l'eau et de la mer de la mythologie hawaïenne
http://www.wikidata.org/entity/Q161419,Oceanus,"titan, fils d'Ouranos (le Ciel) et de Gaïa (la Terre), frère et époux de Téthys"
http://www.wikidata.org/entity/Q6048797,Ocyrhoe,Une des Océanides
http://www.wikidata.org/entity/Q19828218,Oenoe,nymphe de la mythologie grecque
http://www.wikidata.org/entity/Q3243942,Ophiotaurus,"créature légendaire hybride, moitié taureau moitié serpent"
http://www.wikidata.org/entity/Q2026930,Opis,personnage de la mythologie grecque
http://www.wikidata.org/entity/Q12901294,Opis,Néréide de la mythologie grecque
http://www.wikidata.org/entity/Q859392,Ops,déesse de la terre et de la fertilité dans la mythologie romaine
http://www.wikidata.org/entity/Q100307653,Orc of Ebuda,monstre marin dans le Roland furieux
http://www.wikidata.org/entity/Q3231710,Orias,démon
http://www.wikidata.org/entity/Q12901309,Orithyia,Néréide de la mythologie grecque
http://www.wikidata.org/entity/Q1129489,Orithyia,"personnage mythologique, princesse d'Athènes"
http://www.wikidata.org/entity/Q1516329,Orobas,démon
http://www.wikidata.org/entity/Q1538275,Orphne,nymphe de la mythologie grecque
http://www.wikidata.org/entity/Q336230,Orthrus,chien bicéphale de la mythologie grecque
http://www.wikidata.org/entity/Q3235908,Ose,démon
http://www.wikidata.org/entity/Q1851943,Oshun,Déesse
http://www.wikidata.org/entity/Q46491,Osiris,ancien dieu égyptien
http://www.wikidata.org/entity/Q3357642,Othreis,nymphe de la mythologie grecque
http://www.wikidata.org/entity/Q3357697,Otus,fils de Gaïa
http://www.wikidata.org/entity/Q632908,Paddington Bear,ours de fiction
http://www.wikidata.org/entity/Q1782342,Paimon,démon
http://www.wikidata.org/entity/Q132582,Pan,"divinité de la mythologie grecque de la nature, protecteur des bergers et des troupeaux, souvent représenté comme une créature chimérique, mi-homme mi-bouc"
http://www.wikidata.org/entity/Q2049577,Pancrates,géant de la mythologie grecque
http://www.wikidata.org/entity/Q97667489,Panopae,Une des Néréides
http://www.wikidata.org/entity/Q7131847,Panti',être mythique du Chickasaw
http://www.wikidata.org/entity/Q3894641,Papa,mère du ciel et de la terre dans la mythologie māori
http://www.wikidata.org/entity/Q179844,Parthenope,divinité de la mythologie grecque
http://www.wikidata.org/entity/Q97649797,Pasithea,Une des Néréides
http://www.wikidata.org/entity/Q2859285,Pasithoe,Une des Océanides
http://www.wikidata.org/entity/Q732551,Pazuzu,puissance surnaturelle mésopotamienne
http://www.wikidata.org/entity/Q162797,Pegasus,cheval ailé de la mythologie grecque
http://www.wikidata.org/entity/Q611171,Peitho,Océanide de la mythologie grecque
http://www.wikidata.org/entity/Q24092,Penghou,animal de la mythologie chinoise également utilisée dans la mythologie japonaise
http://www.wikidata.org/entity/Q3411899,Periboea,Océanide de la mythologie grecque
http://www.wikidata.org/entity/Q130832,Perseus,héros de la mythologie grecque
http://www.wikidata.org/entity/Q206561,Perun,dieu slave
http://www.wikidata.org/entity/Q21607982,Phaethon,cheval de la mythologie grecque
http://www.wikidata.org/entity/Q7180638,Phanuel,ange
http://www.wikidata.org/entity/Q3041573,Phenex,démon issu des croyances de la goétie
http://www.wikidata.org/entity/Q398524,Philyra,Océanide de la mythologie grecque
http://www.wikidata.org/entity/Q868738,Phlegethon,fleuve des Enfers
http://www.wikidata.org/entity/Q183281,Phoebe,Divinité primordiale de la mythologie grecque
http://www.wikidata.org/entity/Q1135152,Pholus,"centaure, dont la légende est associée à celle d'Héraclès"
http://www.wikidata.org/entity/Q200382,Phorcys,dieu marin de la mythologie grecque
http://www.wikidata.org/entity/Q649624,Phoroneus,personnage de la mythologie grecque
http://www.wikidata.org/entity/Q12901503,Phyllodoce,Néréide de la mythologie grecque
http://www.wikidata.org/entity/Q877261,Pig,croyance
http://www.wikidata.org/entity/Q2527646,Pilumnus,"était le dieu protecteur des nouveau-nés, puis, plus tard, des cultures"
http://www.wikidata.org/entity/Q108000838,Pir,figure mythologique dans la mythologie turque
http://www.wikidata.org/entity/Q607347,Pishtaco,créature imaginaire
http://www.wikidata.org/entity/Q614094,Pitó le pew,personnage de fiction
http://www.wikidata.org/entity/Q758079,Pixiu,"Animal mythologique chinois, un des neuf fils du dragon, souvent utilisé comme amulette."
http://www.wikidata.org/entity/Q463865,Pleione,Océanide de la mythologie grecque
http://www.wikidata.org/entity/Q97629381,Plexaure,Une des Néréides
http://www.wikidata.org/entity/Q105348967,Plexaure,Une des Océanides
http://www.wikidata.org/entity/Q97485552,Ploto,Une des Néréides
http://www.wikidata.org/entity/Q662968,Plouto,Océanide de la mythologie grecque
http://www.wikidata.org/entity/Q21855658,Podargus,jument légendaire de la mythologie grecque
http://www.wikidata.org/entity/Q12901556,Polynome,Néréide de la mythologie grecque
http://www.wikidata.org/entity/Q193567,Polyphemus,cyclope
http://www.wikidata.org/entity/Q171239,Pomona,"nymphe romaine d'une remarquable beauté, divinité des fruits"
http://www.wikidata.org/entity/Q12901568,Pontomedusa,Néréide de la mythologie grecque
http://www.wikidata.org/entity/Q97650384,Pontoporeia,Une des Néréides
http://www.wikidata.org/entity/Q190563,Pontus,divinité de la mythologie grecque
http://www.wikidata.org/entity/Q1421201,Porphyrion,géant de la mythologie grecque
http://www.wikidata.org/entity/Q1570477,Portunes,divinité romaine des portes et des clés
http://www.wikidata.org/entity/Q41127,Poseidon,divinité grecque marine
http://www.wikidata.org/entity/Q97650796,Poulunoe,Une des Néréides
http://www.wikidata.org/entity/Q13058657,Praxithea,"naïade de la mythologie grecque, épouse d'Érichthonios"
http://www.wikidata.org/entity/Q15710866,Princess Luna,licorne ailée de My little Pony: Friendship is Magic
http://www.wikidata.org/entity/Q83160,Prometheus,personnage de la mythologie grecque
http://www.wikidata.org/entity/Q342316,Pronoe,Néréide de la mythologie grecque
http://www.wikidata.org/entity/Q2112864,Pronoe,personnage de la mythologie grecque
http://www.wikidata.org/entity/Q191481,Proteus,divinité marine
http://www.wikidata.org/entity/Q15711623,Proto,Néréide de la mythologie grecque
http://www.wikidata.org/entity/Q97629224,Protomedea,Une des Néréides
http://www.wikidata.org/entity/Q2520173,Pruflas,démon
http://www.wikidata.org/entity/Q910061,Prymno,Une des Océanides
http://www.wikidata.org/entity/Q5623747,Psamathe,Néréide de la mythologie grecque
http://www.wikidata.org/entity/Q3410251,Ptelea,"hamadryade de la mythologie grecque, fille d'Hamadryas et d'Oxylos"
http://www.wikidata.org/entity/Q12701322,Puaka,Fantôme en Malaisie
http://www.wikidata.org/entity/Q757969,Pulao,Un des neuf fils du dragon
http://www.wikidata.org/entity/Q2447410,Purson,démon
http://www.wikidata.org/entity/Q15721,Python,serpent monstrueux de la mythologie grecque
http://www.wikidata.org/entity/Q17222252,Qiongqi,élément de la cosmogonie chinoise
http://www.wikidata.org/entity/Q757973,Qiuniu,"Un des neuf fils du dragon, que l'on retrouve sur les instruments de musique"
http://www.wikidata.org/entity/Q179818,Quetzalcoatl,divinité mésoaméricaine ou dieu blanc de la mythologie aztèque
http://www.wikidata.org/entity/Q3927873,Quinotaur,créature légendaire évoquée dans la Chronique de Frédégaire
http://www.wikidata.org/entity/Q844723,Rabbit,signe astrologique chinois
http://www.wikidata.org/entity/Q2417943,Raijū,créature de la mythologie japonaise
http://www.wikidata.org/entity/Q1476490,Rainbow Serpent,figure mythologique pour les aborigènes australiens
http://www.wikidata.org/entity/Q1069028,Ramiel,"personnage religieux, archange"
http://www.wikidata.org/entity/Q56951,Raphael,archange
http://www.wikidata.org/entity/Q721997,Rat,signe astrologique
http://www.wikidata.org/entity/Q118494,Ratatoskr,écureuil mythologique
http://www.wikidata.org/entity/Q2746335,Raum,démon
http://www.wikidata.org/entity/Q108419,Rhea,titanide de la mythologie grecque
http://www.wikidata.org/entity/Q7320391,Rhene,personnage mythique
http://www.wikidata.org/entity/Q641286,Rhodos,Océanide de la mythologie grecque
http://www.wikidata.org/entity/Q638476,Rocket Raccoon,personnage de bande dessinée
http://www.wikidata.org/entity/Q780746,Rodan,kaiju
http://www.wikidata.org/entity/Q55739884,Romania,alter ego de Nicki Minaj
http://www.wikidata.org/entity/Q1711063,Ronove,démon
http://www.wikidata.org/entity/Q855310,Rudra,divinité hindoue
http://www.wikidata.org/entity/Q2458617,Ryūjin,divinité shintō
http://www.wikidata.org/entity/Q1778735,Rübezahl,créature du folklore allemand
http://www.wikidata.org/entity/Q3238982,Sabnak,démon
http://www.wikidata.org/entity/Q2497854,Sachiel,archange de l'ordre des chérubins
http://www.wikidata.org/entity/Q2987780,Salacia,déesse romaine
http://www.wikidata.org/entity/Q2349443,Salamis,nymphe de la mythologie grecque
http://www.wikidata.org/entity/Q3235924,Saleos,démon
http://www.wikidata.org/entity/Q828579,Salmacis,naïade
http://www.wikidata.org/entity/Q2447830,Salmon of Knowledge,poisson légendaire
http://www.wikidata.org/entity/Q779725,Samael,archange du Talmud assimilé à Satan
http://www.wikidata.org/entity/Q2001159,Sandalphon,ange du judaïsme
http://www.wikidata.org/entity/Q2031359,Santa Muerte,personnage du folklore mexicain
http://www.wikidata.org/entity/Q4408014,Sao,Néréide de la mythologie grecque
http://www.wikidata.org/entity/Q35230,Satan,personnage incarnant le mal et l'opposition à Dieu dans le judaïsme et le christianisme
http://www.wikidata.org/entity/Q583608,Satanachia,démon
http://www.wikidata.org/entity/Q843206,Satis (goddess),divinité égyptienne associée au Nil et à ses cataractes
http://www.wikidata.org/entity/Q1134694,Scamander,dieu fleuve de la mythologie grecque
http://www.wikidata.org/entity/Q193115,Scylla,nymphe transformée en monstre marin par Circé dans la mythologie grecque
http://www.wikidata.org/entity/Q3503382,Sea goat,créature fantastique
http://www.wikidata.org/entity/Q875507,Sedna,déesse inuite
http://www.wikidata.org/entity/Q11703688,Seere,démon
http://www.wikidata.org/entity/Q2704083,Selvans,dieu étrusque
http://www.wikidata.org/entity/Q9335293,Senoy,ange
http://www.wikidata.org/entity/Q3478871,Seps,"animal mythique, nom ambigu"
http://www.wikidata.org/entity/Q472766,Sequana,nymphe des sources de la Seine dans la mythologie gauloise
http://www.wikidata.org/entity/Q499356,Serpopard,animal mythique
http://www.wikidata.org/entity/Q131795,Seth,divinité égyptienne
http://www.wikidata.org/entity/Q4260663,Shamsiel,ange
http://www.wikidata.org/entity/Q28136294,She-wolf,louve qui aurait recueilli Romulus et Rémus
http://www.wikidata.org/entity/Q2418874,Shesha,serpent de la mythologie hindoue
http://www.wikidata.org/entity/Q7513462,Sihuanaba,personnage surnaturel du folklore d'Amérique centrale
http://www.wikidata.org/entity/Q464091,Silenus,divinité de la mythologie grecque
http://www.wikidata.org/entity/Q548445,Silvanus,divinité romaine présidant aux bocages
http://www.wikidata.org/entity/Q3484151,Simiot,créature diabolique
http://www.wikidata.org/entity/Q548119,Simurgh,Oiseau mythique perse
http://www.wikidata.org/entity/Q1539539,Sinope,nymphe de la mythologie grecque
http://www.wikidata.org/entity/Q700106,Sirona,déesse celtique de la guérison
http://www.wikidata.org/entity/Q7530634,Sirsir,joie de vivre
http://www.wikidata.org/entity/Q9078198,Sitri,démon
http://www.wikidata.org/entity/Q244032,Skadi,déesse et géante dans la mythologie nordique
http://www.wikidata.org/entity/Q6632346,Skin-walker,Créature légendaire de la culture Navajo
http://www.wikidata.org/entity/Q7536575,Skrat,créature mythologique
http://www.wikidata.org/entity/Q738737,Sköll,loup de la mythologie nordique
http://www.wikidata.org/entity/Q208010,Sleipnir,cheval dans la mythologie nordique
http://www.wikidata.org/entity/Q493361,Smokey Bear,mascotte du Service des forêts des États-Unis
http://www.wikidata.org/entity/Q756692,Snake,astrologie chinoise
http://www.wikidata.org/entity/Q207369,Snoopy,chien de fiction
http://www.wikidata.org/entity/Q146313,Sobek,divinité égyptienne
http://www.wikidata.org/entity/Q64007332,Sparkle,Mascotte du groupe GLAM français
http://www.wikidata.org/entity/Q1245790,Speio,Néréide de la mythologie grecque
http://www.wikidata.org/entity/Q2419622,Squonk,créature légendaire
http://www.wikidata.org/entity/Q748963,Sterope,Pléiade
http://www.wikidata.org/entity/Q16634528,Stolas,démon
http://www.wikidata.org/entity/Q1076283,Storsjöodjuret,monstre lacustre suédois
http://www.wikidata.org/entity/Q542758,Styx,personnage de la mythologie grecque
http://www.wikidata.org/entity/Q942906,Summanus,Dieu romain des orages nocturnes
http://www.wikidata.org/entity/Q11773777,Sun Wukong,personnage de fiction
http://www.wikidata.org/entity/Q1125073,Svaðilfari,cheval mythologique
http://www.wikidata.org/entity/Q3978801,Swift Wind,"personnage de ""She-Ra"""
http://www.wikidata.org/entity/Q21286572,Syke,"hamadryade de la mythologie grecque, fille d'Hamadryas et d'Oxylos"
http://www.wikidata.org/entity/Q846129,Syrinx,nymphe transformée en roseaux dans la mythologie grecque
http://www.wikidata.org/entity/Q912587,Sæhrímnir,créature dans la mythologie nordique
http://www.wikidata.org/entity/Q7676367,Tairi,Dieu du tonnerre à la mangareva
http://www.wikidata.org/entity/Q1502690,Takemikazuchi,divinité de la mythologie japonaise
http://www.wikidata.org/entity/Q1327792,Tamamo-no-Mae,personnage de la mythologie japonaise
http://www.wikidata.org/entity/Q873665,Taowu,élément de la cosmogonie chinoise
http://www.wikidata.org/entity/Q1063874,Tarasque,animal folklorique
http://www.wikidata.org/entity/Q116273,Tefnut,"divinité égyptienne à tête de lionne, symbole de l'humidité"
http://www.wikidata.org/entity/Q1267349,Telesto,Océanide de la mythologie grecque
http://www.wikidata.org/entity/Q2481517,Tengri,"Ciel éternel, dieu ciel, divinité du tengrisme"
http://www.wikidata.org/entity/Q11496892,Tenome,créature mythique japonaise
http://www.wikidata.org/entity/Q1318644,Tessa,personnage de la série télévisée Supernatural
http://www.wikidata.org/entity/Q184216,Tethys,divinité de la mythologie grecque
http://www.wikidata.org/entity/Q1857362,Teumessian fox,créature de la mythologie grecque
http://www.wikidata.org/entity/Q659437,Thalassa,"divinité primordiale incarnant la mer dans la mythologie Grecque, fille d'Éther et d'Héméra"
http://www.wikidata.org/entity/Q1241338,Thaleia,Néréide de la mythologie grecque
http://www.wikidata.org/entity/Q326767,Thaumas,divinité de la mythologie grecque
http://www.wikidata.org/entity/Q184232,Theia,titanide dans la mythologie grecque
http://www.wikidata.org/entity/Q159168,Themis,personnage de la mythologie grecque
http://www.wikidata.org/entity/Q16680068,Thereus,"centaure, personnage de la mythologie grecque"
http://www.wikidata.org/entity/Q184437,Thetis,Néréide
http://www.wikidata.org/entity/Q10696861,Thisbe,personnage de la mythologie grecque
http://www.wikidata.org/entity/Q2428793,Thoas,géant de la mythologie grecque
http://www.wikidata.org/entity/Q2163700,Thoe,Une des Océanides
http://www.wikidata.org/entity/Q7786636,Thoe,Néréide de la mythologie grecque
http://www.wikidata.org/entity/Q42952,Thor,dieu nordique associé à la foudre
http://www.wikidata.org/entity/Q29166150,Thrace,"Océanide, maîtresse de Zeus et mère de Bithynos"
http://www.wikidata.org/entity/Q764932,Thrassa,personnage de la mythologie grecque
http://www.wikidata.org/entity/Q264471,Thunderbird,créature mythologique
http://www.wikidata.org/entity/Q949266,Thyia,personnage de la mythologie grecque
http://www.wikidata.org/entity/Q740762,Tiger,signe astrologique
http://www.wikidata.org/entity/Q926518,Tinia,dieu étrusque
http://www.wikidata.org/entity/Q18415479,Titan,Divinité primordiale de la mythologie grecque
http://www.wikidata.org/entity/Q2332221,Titania,reine des fées dans Le Songe d'une nuit d'été de William Shakespeare
http://www.wikidata.org/entity/Q17996944,Tmolus,personnage de la mythologie grecque
http://www.wikidata.org/entity/Q20822927,Toby,personnage de fiction
http://www.wikidata.org/entity/Q7817054,Tom Nook,personnage de jeu vidéo
http://www.wikidata.org/entity/Q13553691,Tricca,nymphe de la mythologie grecque
http://www.wikidata.org/entity/Q7842571,Trinity Alps giant salamander,"animal légendaire de la région sauvage des Alpes de la Trinité, en Californie du Nord"
http://www.wikidata.org/entity/Q148030,Triton,dieu marin
http://www.wikidata.org/entity/Q2471937,Tsovinar,divinité aquatique
http://www.wikidata.org/entity/Q2063089,Tsuchigumo,Clan renégat ou esprit arachnéen dans le folklore.
http://www.wikidata.org/entity/Q213440,Tyche,Océanide de la mythologie grecque
http://www.wikidata.org/entity/Q180237,Typhon,Titan des vents forts et des tempêtes
http://www.wikidata.org/entity/Q844965,Ukko,"dieu du ciel, du temps, de la moisson et du tonnerre dans la mythologie finlandaise"
http://www.wikidata.org/entity/Q104002,Urania,la Muse de l'astronomie et l'astrologie
http://www.wikidata.org/entity/Q79999,Uranus,divinité primordiale de la mythologie grecque
http://www.wikidata.org/entity/Q209378,Uriel,archange
http://www.wikidata.org/entity/Q7905566,Ušumgallu,l'un des trois serpents à cornes de la mythologie akkadienne
http://www.wikidata.org/entity/Q2875978,Valac,démon
http://www.wikidata.org/entity/Q2463466,Valefar,démon
http://www.wikidata.org/entity/Q1235270,Vanth,divinité étrusque méssagère de la mort
http://www.wikidata.org/entity/Q3235916,Vapula,démon
http://www.wikidata.org/entity/Q1001037,Varuna,divinité hindoue
http://www.wikidata.org/entity/Q2463444,Vassago,démon
http://www.wikidata.org/entity/Q824249,Veles,dieu slave
http://www.wikidata.org/entity/Q3318761,Vellamo,déesse de la mythologie finnoise
http://www.wikidata.org/entity/Q3238975,Vepar,démon
http://www.wikidata.org/entity/Q12523684,Vila,créature féminine dans la mythologie slave
http://www.wikidata.org/entity/Q1928517,Volturnus,divinité aquatique romaine
http://www.wikidata.org/entity/Q3235493,Vual,démon
http://www.wikidata.org/entity/Q616178,Väinämöinen,personnage de l'épopée du Kalevala
http://www.wikidata.org/entity/Q9371366,Wasgo,animal mythique
http://www.wikidata.org/entity/Q3421356,Wee Walter Messenger,"personnage de conte à Efteling, Pays-Bas"
http://www.wikidata.org/entity/Q370801,Wendigo,créature mystique
http://www.wikidata.org/entity/Q1141550,Werejaguar,esprit surnaturel olmèque
http://www.wikidata.org/entity/Q1072455,White Tiger,animal du zodiaque chinois
http://www.wikidata.org/entity/Q188574,Winnie the Pooh,personnage de fiction
http://www.wikidata.org/entity/Q10393999,Worg,Nain du folklore scandinave
http://www.wikidata.org/entity/Q2597703,Xanthe,Océanide de la mythologie grecque
http://www.wikidata.org/entity/Q12902665,Xantho,Néréide de la mythologie grecque
http://www.wikidata.org/entity/Q21560612,Xanthus,cheval immortel de la mythologie grecque
http://www.wikidata.org/entity/Q24297148,Xanthus,jument légendaire de la mythologie grecque
http://www.wikidata.org/entity/Q3357349,Xiangliu,monstre mythologique chinois serpentin
http://www.wikidata.org/entity/Q926842,Xiuhcoatl,serpent mythologique aztèque incarnant l'esprit du dieu Xiuhtecuhtli
http://www.wikidata.org/entity/Q149197,Xochipilli,divinité aztèque
http://www.wikidata.org/entity/Q279639,Xolotl,dieu aztèque
http://www.wikidata.org/entity/Q704070,Xuan Wu,Dieu taoïste stellaire
http://www.wikidata.org/entity/Q59310885,Yama-uba,tableau de Hokusai
http://www.wikidata.org/entity/Q1054437,Yamata no Orochi,monstre de la mythologie japonaise
http://www.wikidata.org/entity/Q2348057,Yami,déification du fleuve Yamunâ représentant la Vie dans l'hindouisme
http://www.wikidata.org/entity/Q1477162,Yemaja,Divinité aquatique d'origine africaine ( Rapporter au Brésil panda la traite négrière )
http://www.wikidata.org/entity/Q372468,Yuki-onna,personnage du folklore japonais
http://www.wikidata.org/entity/Q30179315,Zabulon,démon décrit dans le Dictionnaire infernal de Collin de Plancy
http://www.wikidata.org/entity/Q30180049,Zacharie,homme se faisant passer pour un revenant en Pologne à la fin du XVIe siècle (décrit dans le Dictionnaire infernal de Collin de Plancy)
http://www.wikidata.org/entity/Q2494209,Zagan,démon
http://www.wikidata.org/entity/Q1200843,Zahhak,personnage mythique de la Perse antique
http://www.wikidata.org/entity/Q2740602,Zepar,démon
http://www.wikidata.org/entity/Q34201,Zeus,roi des dieux et roi des Olympiens dans la mythologie grecque
http://www.wikidata.org/entity/Q197039,Zeuxo,Océanide de la mythologie grecque
http://www.wikidata.org/entity/Q1059392,Zhuque,créature astrologique chinoise
http://www.wikidata.org/entity/Q536204,Zilla,Kaiju
http://www.wikidata.org/entity/Q18385547,Zitiron,créature mythologique hybride marine du Moyen Âge
http://www.wikidata.org/entity/Q207056,Ziz,créature de la mythologie juive
http://www.wikidata.org/entity/Q30067653,Zozo,démon
http://www.wikidata.org/entity/Q391553,agathodaemon,divinité de la mythologie grecque
http://www.wikidata.org/entity/Q11574172,calabash monster,tableau de Toriyama Sekien
http://www.wikidata.org/entity/Q3269950,cetus,monstre marin
http://www.wikidata.org/entity/Q1127246,changeling,créature légendaire du folklore européen
http://www.wikidata.org/entity/Q2737953,crocotta,chien-loup mythique
http://www.wikidata.org/entity/Q5609222,grimalkin,chat féérique légendaire
http://www.wikidata.org/entity/Q335179,hippogriff,créature des légendes
http://www.wikidata.org/entity/Q2457508,huldufólk,créatures des légendes et croyances du folklore islandais
http://www.wikidata.org/entity/Q908923,jackalope,animal mythique d'Amérique du Nord
http://www.wikidata.org/entity/Q193165,kraken,monstre marin fantastique issue des légendes scandinaves médiévales
http://www.wikidata.org/entity/Q237970,ouroboros,symbole
http://www.wikidata.org/entity/Q7547206,snakes in Chinese mythology,serpent mythologique
http://www.wikidata.org/entity/Q151480,sphinx,créature mythologique
http://www.wikidata.org/entity/Q8025178,winged lion,motif
http://www.wikidata.org/entity/Q1957615,Á Bao A Qu,créature d'un récit de Borgès
http://www.wikidata.org/entity/Q12379383,Äio,créature mythologique en Estonie
http://www.wikidata.org/entity/Q204927,Ægir,prénom masculin
http://www.wikidata.org/entity/Q1780533,Ōkubi,créature surnaturelle du folklore japonais
http://www.wikidata.org/entity/Q2857833,Anxo,personnage de la mythologie basque
http://www.wikidata.org/entity/Q2930134,Bête à sept têtes,Monstre
http://www.wikidata.org/entity/Q3060724,Europe,personnage de la mythologie grecque
http://www.wikidata.org/entity/Q3739575,Farfarello,diable de la Divine Comédie de Dante Alighieri
http://www.wikidata.org/entity/Q106807046,La Dame du lac,personnage de série télévisée
http://www.wikidata.org/entity/Q2930127,Monstre du Valais,"animal mystérieux du canton du Valais, Suisse"
http://www.wikidata.org/entity/Q3327314,Mu'ye,dieu de la pluie des Otomis
http://www.wikidata.org/entity/Q21286562,Orea,"hamadryade de la mythologie grecque, fille d'Hamadryas et d'Oxylos"
http://www.wikidata.org/entity/Q97173787,Segeta,déesse gauloise de la Loire
http://www.wikidata.org/entity/Q17639209,Selemeg,géant des contes populaires de Sibérie
http://www.wikidata.org/entity/Q2371549,Stille Volk,créature fantastique du folklore allemand
http://www.wikidata.org/entity/Q3515286,Tante Arie,figure légendaire franc-comtoise
http://www.wikidata.org/entity/Q3552530,Usagi,créature légendaire
http://www.wikidata.org/entity/Q25394859,Vine,démon
http://www.wikidata.org/entity/Q3574670,Zakur,créature imaginaire
http://www.wikidata.org/entity/Q3576512,Zéphyr,"lutin, personnage du roman de Perceforest au XIVe siècle."
http://www.wikidata.org/entity/Q3346508,nuton,créature légendaire de Belgique
http://www.wikidata.org/entity/Q11645314,野宿火,tableau de Takehara Shunsensai
http://www.wikidata.org/entity/Q2649344,Anka,créature légendaire
http://www.wikidata.org/entity/Q10371883,毛龙,Type de dragon dans la légende chinoise
